CODI_BASE,DSL,la,dc,sre,srd,dire,dird,dife,difd,dure,durd
10001,NULL,3.06085,267.542,4926.77,4540.42,3842.12,3417.32,1084.65,1123.08,10.1423,9.4949
10002,NULL,3.18321,21.0699,5112.13,3961.14,3872.25,2769.51,1239.86,1191.63,10.8724,9.40749
10005,10006,0.859915,35.0447,5226.08,4941.68,3935.4,3666.78,1290.68,1274.89,10.757,10.6925
10006,NULL,1.02469,27.649,5267.17,5047.47,3964.44,3758.71,1302.74,1288.76,10.9567,10.762
10009,NULL,1.53393,11.3826,5144.65,4780.55,4007.86,3649.22,1136.78,1131.34,10.7267,10.557
10010,10009,1.07933,17.8388,5139.08,4858.56,3866.22,3588.46,1272.86,1270.1,10.1188,10.5174
10014,NULL,0.509124,10.7623,5341.44,4843.25,3985.98,3496.11,1355.45,1347.14,11.6862,11.5588
10022,NULL,3.58439,29.1103,4727.81,4058.86,3546.1,2933.89,1181.7,1124.97,8.32477,8.37234
10024,10027,1.06346,26.5504,5151.59,4395.28,3895.91,3202.88,1255.69,1192.39,9.42263,9.44905
10025,10026,2.76617,74.1464,4882.39,3788.61,3690.48,2639.62,1191.9,1148.99,8.5249,7.51041
10026,10024,8.44626,49.0969,5119.13,4734.59,3870.62,3522.52,1248.51,1212.06,9.26568,9.15438
10027,10023,0.653054,5.01982,4976.38,4129.9,3718.92,2968.8,1257.47,1161.09,9.20171,8.6301
10028,10027,0.700061,25.0235,5164.34,5104.61,3961.24,3915.88,1203.11,1188.74,9.48996,9.47457
10037,10039,6.53374,242.104,4565.42,3913.13,3502.32,2830.78,1063.1,1082.35,7.3509,7.70987
10039,NULL,2.01701,51.9034,4872.9,4093.18,3826.74,3081.76,1046.15,1011.42,8.3225,8.22543
10042,NULL,0.93252,41.0742,3921,4434.48,2938.65,3335.21,982.346,1099.28,6.12523,8.46735
10043,10042,1.84884,453.852,4048.43,4228.19,3040.97,3084.66,1007.47,1143.52,6.28142,8.35248
10044,10052,0.940868,15.1787,5103.21,5136.42,3924.49,3981.48,1178.72,1154.95,9.54855,9.62176
10048,10052,2.62261,20.9028,4823.12,3903.13,3638.07,2747.54,1185.05,1155.59,8.80136,8.31426
10052,10056,3.17191,143.609,5370.92,4926.42,4102.94,3691.64,1267.99,1234.77,10.9134,10.1235
10053,NULL,0.957184,105.538,5486.16,4349.77,4362.62,3164.16,1123.54,1185.6,10.3024,9.27731
10054,NULL,0.580678,13.1272,5674.95,5460.96,4372.12,4208.25,1302.83,1252.7,11.0422,10.6281
10055,10059,3.04222,102.405,5172.47,3999.9,4017.53,2851.84,1154.94,1148.07,10.0656,8.09901
10056,10057,0.729933,20.2391,5197.2,5340.15,3972.12,4105.56,1225.08,1234.59,10.3802,10.3878
10057,NULL,1.05377,38.4245,5150.67,5213.97,3979.86,4018.92,1170.8,1195.05,10.0076,9.76654
10058,10060,0.723589,19.6941,4710.68,3778.37,3517.73,2566.95,1192.95,1211.43,7.78737,7.86863
10059,NULL,0.507322,26.888,5413.31,4053.94,4179.12,2853.26,1234.2,1200.68,10.8235,9.69619
10064,NULL,0.554832,11.836,5432.08,4668.49,4087.65,3332.41,1344.42,1336.09,10.3262,10.3799
10069,NULL,0.708875,35.5429,4887.11,3811.47,3695.34,2633.84,1191.78,1177.63,8.2062,7.8278
1007,NULL,1.52704,32.9053,4914.08,4325.74,3732.86,2931.75,1181.2,1155.94,8.73525,9.31656
10073,10074,7.11085,79.8962,4916.26,3987.13,3715.01,2806.91,1201.25,1180.22,8.85746,8.34049
10074,NULL,5.79425,183.205,4914.14,4436.2,3703.27,3238.09,1210.87,1198.11,8.57444,9.00508
10075,10074,2.28352,33.3347,5066.73,3965.24,3804.72,2726.92,1262.01,1238.33,8.72723,8.54906
10078,10079,1.95781,134.952,4925.66,4815.52,3787.58,3599.14,1138.05,1216.38,9.86929,9.64684
10080,10085,0.650915,65.7144,5178.74,4597.22,3928.97,3362.29,1249.78,1234.93,10.0332,9.9582
10083,10085,0.604694,11.2247,5318.48,4525.63,4006.57,3204.95,1311.92,1320.68,10.5262,10.3401
10097,NULL,2.44891,44.1639,5279.18,4779.92,4046.21,3550.21,1232.97,1229.72,10.4041,10.3348
101,NULL,1.55074,45.4988,4878.28,4889.91,3335.41,3601.82,1124.04,1202.95,8.26805,9.139
10135,NULL,1.06085,11.2134,4859.61,4808.54,3633.12,3593.63,1226.5,1214.9,8.8741,9.26798
10136,10135,1.26409,158.902,4959.83,3919.52,3731.59,2711.19,1228.23,1208.33,9.29604,8.46711
10151,NULL,9.74619,134.906,4822.82,4006.4,3601.26,2843.44,1221.58,1162.95,8.54756,8.01312
10154,NULL,1.34053,7.24201,5141.55,5002.01,3844.23,3725.37,1297.31,1276.66,9.44099,9.36104
10188,NULL,0.955917,29.946,5309.53,4820.48,4037.82,3588.41,1271.72,1232.08,10.2665,9.85225
102,103,0.917214,21.5497,3426.46,4390.15,3647.15,3652.29,1129.37,1155.78,7.93944,9.24125
10207,NULL,0.686034,16.7224,5262.72,5394.57,4012.29,4202.8,1250.43,1191.76,10.0289,9.6886
10208,NULL,1.45888,39.4211,5300.19,5455.09,4073.74,4271.01,1226.46,1184.08,10.0631,9.95371
10210,NULL,9.77407,282.484,4575.45,4350.64,3492.49,3195.56,1082.96,1155.08,8.01197,8.77099
10216,10210,8.94065,34.1014,4744.76,3623.14,3557.77,2460.85,1186.99,1162.3,8.22603,7.50963
10220,10219,1.22606,124.973,5264.98,4073.34,4016.07,2868.42,1248.91,1204.93,9.85678,8.61881
10224,10226,9.84655,115.583,4824.57,4646.79,3675.79,3386.35,1148.79,1260.43,7.90625,9.40143
10227,10226,34.6901,314.002,5057.53,4330.08,3832.8,3113.74,1224.73,1216.34,8.88367,8.69148
10229,10230,3.57857,205.986,4499.86,4214.51,3359.03,2925.34,1140.85,1289.16,7.64323,9.55429
10230,NULL,6.0404,43.3607,4684.08,3505.63,3547.8,2371.46,1136.27,1134.16,8.90413,8.11658
10231,NULL,3.635,116.839,4743.12,4061.3,3625.13,2843.53,1117.98,1217.76,8.31543,8.66711
10232,10231,2.71072,78.18,5027.62,4218.64,3819.56,2999.31,1208.08,1219.34,8.59583,8.86931
10233,NULL,4.1614,39.2485,4946.89,4106.37,3726.29,2930.3,1220.61,1176.07,8.52441,8.63826
10234,10235,6.7017,66.7605,5245.46,4373.9,3967.77,3127.42,1277.69,1246.48,9.93504,9.39785
10235,NULL,0.567972,17.4807,4369.59,3887.52,3351.57,2755.75,1018.02,1131.77,6.81456,8.43008
10236,10237,9.58298,65.3168,4763.73,3678.33,3595.82,2556.19,1167.91,1122.14,8.20648,7.26966
10237,10238,0.676987,22.8206,5147.21,4392.09,3924.15,3238.8,1223.06,1153.29,9.25486,8.75394
10238,NULL,0.956366,25.3111,4996.62,4832.33,3809.84,3637.85,1186.78,1194.47,8.86953,9.41927
10239,NULL,0.95855,12.9284,4658.58,4801.08,3724.59,3631.67,1248.32,1254.93,11.375,11.4677
10240,NULL,33.5825,288.532,3950.13,3795.46,3487.79,2548.31,1143.51,1145.94,8.11612,8.87781
10242,10243,7.89745,226.685,2826.78,3924.3,3398.47,2708.02,1057.99,1109.11,6.81118,8.81878
10250,NULL,0.531217,23.9814,3618.48,4018.84,3601.18,2466.81,1197.03,1183.11,10.2351,9.50682
10251,NULL,1.62017,28.8832,3565.35,3381.48,3603.38,2719.74,1124.1,1146.81,9.92685,9.71517
10263,NULL,1.71852,42.9008,3125.99,4016.41,3351.79,2491.65,1098.8,1107.32,6.88266,8.27506
1028,NULL,4.03611,151.306,4438.98,3473.99,3367.66,2360.3,1071.32,1012.02,7.03588,7.40572
10283,NULL,1.29675,13.3617,3156.08,3935.73,3516.92,2640.91,1185.61,1114.44,7.46245,7.79867
10284,NULL,2.4486,22.0728,4013.76,4153.55,3755.31,2914.77,1233.13,1190.48,9.4509,9.11487
10286,NULL,4.40681,79.884,4408.48,4563.15,3696.51,3182.93,1253.25,1196.53,9.56923,9.70623
10288,NULL,0.820282,25.794,3395.03,4524.84,3623.39,2754.54,1196.17,1184.96,8.78524,9.74943
103,NULL,1.88816,16.5396,3773.9,4769.67,3702.7,3241.11,1199.08,1164.27,9.21891,9.57026
1032,NULL,0.716261,11.1236,4485.41,4198.88,3377.78,2561.52,1107.63,1035.06,7.12962,7.75733
1033,1036,2.20266,114.764,5001.42,4588.86,3873.78,3465.93,1127.66,1171.37,9.72291,9.37423
1036,NULL,0.97029,68.841,5016.47,4358.92,3832.54,3110.08,1183.93,1169.62,9.83095,9.5702
10373,NULL,1.01061,39.2178,4162.78,4647.96,3858.11,3483.23,1250.45,1212.34,10.3953,10.0305
1039,NULL,0.22987,124.975,4991.96,4270.99,3318.24,2921.77,1136.79,1138.21,10.371,9.88344
1042,NULL,0.68156,41.9819,4635.57,4315.37,3477.61,2789.47,1157.97,1118.52,8.20309,8.58226
1044,NULL,1.02315,404.856,4955.95,4249.05,3825.26,3073.95,1130.68,1136.78,9.77297,9.18839
10467,10468,4.88275,198.087,4103.89,4304.89,3533.21,3058.26,1179.13,1180.09,8.36487,9.0401
10468,NULL,0.534562,50.8001,4780.28,4564.35,3506.77,3232.43,1211.06,1175.5,8.42487,8.68044
10469,NULL,0.813961,31.6172,3824.98,4511.91,3701.45,2704.29,1192.26,1232.18,9.13576,9.91174
10470,10467,1.71225,17.3828,3572.31,3938.21,3841.05,2938.36,1225.57,1193.94,8.71315,8.92169
10471,NULL,0.972754,75.6483,4423.29,4264.43,3711.05,3062.55,1255.38,1185.07,10.0016,9.09353
10474,NULL,0.511162,84.8426,4758.52,4533.89,3700.84,3225.87,1230.06,1236.96,8.92688,9.50183
10475,NULL,0.568736,26.6411,4447.33,5049.06,3887.28,4058.51,1263.61,1273.1,9.81328,10.3514
1048,NULL,1.57422,47.9306,4700.88,4263.5,3528.19,2833.85,1172.7,1167.14,7.61278,8.92898
1070,NULL,0.545422,15.7569,4864.66,5179.17,3525.63,3943.28,1144.43,1198.66,9.35708,9.98323
1071,NULL,0.10403,4.62357,5230.7,4617.92,3619.4,3626.78,1162.4,1159.46,9.90641,9.64081
1073,NULL,0.692184,109.386,3901.85,3874.94,3433.85,2505.04,1129.22,1125.34,8.69988,9.26422
1074,3178,0.0726685,5.02339,4521.99,4263.13,3570.91,3196.67,1189.63,1180.93,10.7105,10.5336
1077,NULL,1.39195,8.07983,4654.59,4376.78,3591.2,3211.11,1194.64,1179.65,10.7861,10.8308
1078,NULL,24.1594,118.368,4783.42,4758.57,3715.65,3565.29,1217.32,1192.56,9.80192,9.8352
1080,NULL,0.824485,31.7915,2414.43,3772.65,3053.93,2287.2,1038.13,1044.99,5.90182,8.62826
1081,1078,0.156652,4.15681,5341.02,5181.69,3848.78,4040.21,1230.19,1228.39,9.87389,9.75345
1082,NULL,0.937361,15.0108,4508.55,4896.58,3706.81,4131.15,1141.53,1143.71,8.56441,9.8999
1083,NULL,3.4861,642.249,2417.74,4385.46,3609.05,3291.86,1080.79,1125.75,7.17532,9.19286
1084,3495,0.247617,14.2393,4325.98,4330.92,3777.38,3521.69,1204.91,1189.94,9.86359,9.8389
1091,1095,1.48803,62.5979,5404.7,5105.41,3798.49,3939.67,1264.32,1201.62,10.0438,9.82933
1093,1099,2.25218,43.5273,4138.95,4768.77,3823.77,3356.44,1262.01,1246.64,11.2747,10.6702
1094,NULL,0.691881,25.8977,3598.09,4416.92,3226.98,2746.76,1116.59,1148.41,8.48838,9.58411
1095,NULL,3.51699,53.1268,3799.81,4605.21,3717.49,3386.57,1219.06,1183.66,9.37035,9.72499
1099,NULL,10.3352,95.6702,4859.25,5051.73,3856.03,3961.28,1258.98,1209.85,11.0462,10.944
1100,NULL,1.57529,42.3336,2651.73,3848.34,2962.34,2203.32,995.567,1047.59,6.04062,8.63392
1102,NULL,0.285763,4.6337,4627.23,4903,3766.66,3947.56,1245.65,1209.96,9.5691,9.86706
1104,1108,0.217763,7.53032,4999.89,5182.24,4000.28,4267.24,1232.84,1201.55,9.84514,10.2868
11040,NULL,0.0217658,0.221819,5206.65,5254.49,3884.5,3947.37,1322.14,1307.12,11.4888,11.5014
11042,10003,0.168386,5.11379,5193.86,4495.66,3883.44,3215.38,1310.42,1280.29,10.7802,10.6291
11056,10017,0.0911206,3.23135,5487.61,5021.32,4257.21,3755.45,1230.4,1265.86,10.2003,10.3505
11057,11056,0.407473,9.96292,4564.3,4396.62,3428.73,3161.11,1135.57,1235.52,8.56987,9.70173
11059,10016,0.0305008,1.56082,5219.38,5287.11,3948.06,4079.27,1271.32,1207.84,10.5313,10.3117
11060,NULL,0.0542352,1.56757,4896.8,5037.35,3610.75,3759.69,1286.05,1277.67,9.99458,9.97232
11061,10136,0.0042721,0.460245,4571.34,4421.65,3336.27,3188.99,1235.06,1232.67,9.26596,9.26315
11063,NULL,0.042402,0.85874,5195.43,5146.37,3952.89,3898.45,1242.55,1247.92,9.73189,9.74927
11064,NULL,0.185596,18.0128,4775.32,3726.13,3628.41,2584.26,1146.91,1141.88,8.60413,8.98821
11068,NULL,0.244179,36.1953,3833.15,4470.11,3533.31,3243.35,1130.15,1093.56,8.13534,9.22422
11069,NULL,0.0783025,1.84991,4653.02,4390.56,3391.45,2670.12,1148.53,1132.89,9.16606,9.47134
11070,10286,0.136468,5.40288,4678.88,4906.82,3851.18,3651.39,1245.12,1239,9.87503,9.83829
11071,10286,0.361946,2.82717,5093.83,5089.97,3754.61,3795.73,1243.41,1221.37,10.1067,10.0236
11072,NULL,0.0198613,0.66967,4445.91,4670.84,3993.6,3783.07,1311.44,1277.13,10.9183,10.7472
11073,10286,0.0845961,18.4755,4285.51,4861.87,3652.13,3104.51,1214.95,1187.83,9.97932,10.2557
11074,NULL,0.2448,2.92713,4398.46,4228.05,3892.81,3625.99,1336.02,1328.64,9.19457,9.45772
11075,11074,0.13938,5.36482,3975.71,5078.29,3672.69,2952.62,1279.2,1249.62,9.03976,10.1304
1108,NULL,0.71002,10.2247,5170.92,5198.6,3803.03,4038.94,1251.23,1218.8,10.4768,10.3341
1109,1099,0.0372555,0.113659,4995.88,4937.39,3972.06,3981.59,1294.58,1295.16,10.5414,10.3052
1113,1083,0.623695,172.771,1379.62,3905.37,3245.27,2712.38,1063.99,1140.58,4.04372,8.26941
1114,1123,0.136556,2.97868,4977.01,5060.26,3772.39,3956.92,1283.12,1250.04,10.3346,10.6225
1117,NULL,0.137305,5.70058,4662.29,5239.69,3430.61,2245.89,1180.24,1116.75,11.108,10.4856
1118,1128,7.58052,234.649,4639.31,4967.03,3704.71,3841.28,1164.95,1194.67,9.68895,9.46162
1119,1125,2.75371,41.4794,4470.33,4878.49,3585.95,3639.14,1147.91,1162.47,8.46533,9.01905
1120,1118,1.72106,17.4988,5261.88,5130.06,3629.22,3817.75,1180.73,1164.58,9.41788,9.60658
1123,1109,29.6943,217.988,4140.25,4372.45,3713.48,3242.7,1268.41,1227.3,8.92853,9.47427
1125,1131,0.0253526,0.313578,5592.24,5538.55,3665.88,3631.47,1216.48,1212.92,8.91625,8.84252
1127,NULL,0.378694,61.3252,5133.41,4538.25,3536.09,2921.86,1204.84,1138.75,11.1879,10.8658
1128,3060,7.52121,74.1266,4691.7,4920.05,3667.52,3577.91,1222.8,1193.58,9.8138,9.76485
1131,1120,1.38984,28.971,5069.2,5096.52,3697.34,3976.68,1210.62,1202.39,9.7252,8.96757
1134,1123,0.252892,3.94522,5053.95,5206.4,3797.04,3989.95,1268.46,1272.71,10.1959,10.427
1137,1123,0.238584,2.11851,4990.68,4978.96,3716.92,3769.21,1247.46,1257.62,9.85048,9.83995
1138,1123,0.199776,11.3572,4937,4909.12,3585.96,3420.62,1203.39,1185.81,9.60472,9.62405
114,NULL,0.496122,8.48947,3832.63,4428.3,3775.11,3593.49,1240.57,1221.03,8.95078,9.9213
1143,1123,4.37916,173.518,4506.4,4335.33,3654.66,3122,1230.19,1205.3,8.74285,9.01932
1145,NULL,1.07332,35.6871,5066.12,4940.41,3722.07,3892.7,1265.01,1254.29,10.5258,10.9896
1147,1159,0.089687,1.35575,5351.14,5348.1,3791.73,4033.19,1257.1,1255.24,11.0861,11.1064
115,NULL,1.27371,12.1667,3975.78,3928.67,3783.6,2970.61,1280.37,1256.1,9.36082,9.45842
1157,NULL,4.08996,203.067,2201.55,3995.42,3344.02,2867.88,1080.14,1163.51,6.39812,9.42166
1159,NULL,0.200249,44.7809,5186.75,5169.68,3732.9,4063.08,1254.62,1231.78,10.9923,10.8992
1166,NULL,0.296884,27.7975,3607.1,4566.25,3416.06,3375.92,1017.73,1068.49,7.76827,9.15532
1168,1177,0.0959134,21.212,4157.03,4234.9,3389.88,3011.58,1149.62,1228.33,9.28552,8.9763
1169,1185,0.0945049,45.4809,2421.92,4211.03,3881.41,3230.64,1209.01,1167.32,5.86776,8.94173
117,NULL,0.977364,63.1075,4717.08,4360.98,3762.19,3060.3,1277.59,1258.84,10.4779,9.97117
1172,NULL,2.09874,94.0804,4765.62,5198.56,3689.24,4148.54,1167.82,1212.32,9.74098,10.2454
1173,3337,1.13665,107.976,3386.78,3954.24,3490.2,2529.92,1175.5,1162.81,7.59677,8.36216
1174,1181,0.0628462,8.46669,2444.36,4454.38,3795.01,2405.85,1209.16,1181.63,4.26397,8.20083
1175,1173,0.0832316,0.469403,3677.6,3913.46,3568.44,3574.59,1195.86,1200.56,7.18931,7.36528
1178,1191,0.0253957,0.567919,4638.27,4624.08,3491.01,3347.65,1230.7,1234.88,7.91798,8.04003
1181,1250,1.19461,3.52539,3335.58,3708.05,3877.96,3499.7,1278.5,1266.44,6.84917,7.40161
1185,1250,0.486719,40.6013,4875.8,4976.16,3673.76,3900.16,1168.56,1194.09,10.0265,9.89661
119,NULL,0.762713,55.8732,3781.72,4495.9,3792.93,3369.42,1242.16,1250.61,9.0187,10.3511
1191,1245,40.0168,404.97,4546.96,4211,3666.7,2957.66,1185.87,1164.29,8.9739,9.00274
1192,1250,0.350687,11.2425,4851.27,4818.96,3568.85,3343.17,1223.83,1253.94,9.60862,10.0145
1194,NULL,0.117007,11.1552,4945.08,5220.08,3822.38,4226.12,1281.64,1264.09,10.9619,11.6458
1196,NULL,1.98479,79.6617,3294.38,4266.14,3634.22,2659.63,1169.56,1209.64,9.4382,10.2875
1198,1250,0.272536,11.0886,5086.96,4768.42,3555.41,3159.5,1201.58,1225.85,9.39248,9.25463
1202,1206,0.143883,9.57117,5493.67,5288.89,3760.99,4182.42,1241.58,1239.08,10.3066,10.5027
1206,3332,0.214926,5.55217,5288.57,5293.05,3807.24,4096.16,1267.52,1249.28,11.0206,10.7446
1209,NULL,0.839694,51.4279,5433.38,5366.72,3758.54,4180.05,1283.57,1261.01,11.2796,11.2517
122,NULL,0.728168,26.959,4027.65,4135.13,3430.18,2879.92,1201.19,1166.29,8.91062,8.66992
1239,1250,1.07139,53.2163,4779.6,4428.71,3292.43,3341.58,1041.03,1068.22,9.77251,8.88842
1244,NULL,0.870677,16.465,4253.66,4781.63,3632.86,3326.05,1227.57,1212.3,11.7093,10.8421
1245,1191,5.59334,155.489,3591.68,3842.83,3494.11,2635.76,1155.89,1126.1,8.33968,8.70757
1249,NULL,4.12079,76.6106,4758.72,5030.84,3744.56,3966.88,1248.98,1261.11,8.87882,10.633
1250,NULL,48.4406,930.651,4074.07,4254.53,3105.57,3210.43,1030.85,1066.91,6.94999,8.46645
126,NULL,0.620504,90.5603,4683.9,3838.06,3734.98,2542.29,1252.45,1177.48,10.1243,8.61181
1262,1285,13.3675,98.2908,3797.75,4736.11,3655.18,3572.04,1171.64,1138.04,8.87791,9.17231
1267,NULL,0.516902,41.8478,3846.54,4095.96,3652.05,2625.55,1233.99,1232.62,10.1174,9.85774
1282,NULL,3.65031,97.3365,3677.82,4140.44,3592.5,3205.54,1143.42,1105.24,9.30908,9.32974
1285,3377,3.16031,44.7432,4730.94,5063.42,3753.08,3963.05,1189.34,1200.17,10.0742,10.1238
1291,NULL,0.412857,22.9409,4354.82,4652.8,3683.69,3243.78,1241.86,1237.99,10.8655,10.6439
1293,NULL,0.126651,50.9788,3722.52,4602.33,3616.75,2894.24,1183.93,1199.49,8.70948,9.8851
1301,3336,0.0574732,4.35461,4260.27,3581.16,3699.96,2670.49,1228.4,1210.29,8.5848,8.44515
1308,NULL,1.00179,4.07718,5069.14,4888.41,3755.1,3330.23,1269.32,1261.57,11.3902,11.6213
1309,NULL,0.258027,1.57951,4665.23,4471.32,3626.23,3565.99,1232.67,1227.05,10.4086,10.459
1312,NULL,5.40694,27.1298,4450.91,4630.49,3688.15,3721.87,1190.19,1166.78,10.202,10.3668
1316,1309,0.149139,5.52572,3863.56,3741.74,3624.9,2797.21,1203.47,1207.89,9.82867,9.17167
1347,1353,0.126849,0.973884,1609.11,2679.72,3830.14,4004.29,1198.8,1150.84,6.84411,7.37031
1353,1250,8.96466,121.179,3112.52,3507.26,3650.84,2412.23,1147.88,1123.62,8.44293,8.34711
1357,1441,1.77439,11.2372,3565.24,4179.52,3734.79,3741.57,1226.03,1195.71,8.67695,9.82182
1370,NULL,4.91066,68.9268,3447.48,4850.1,3809.62,3344.6,1273.33,1277.11,10.4661,11.1119
1371,NULL,0.906016,10.7842,4430.33,4653.72,3750.14,3546.94,1268.9,1273.85,11.2827,10.732
138,229,2.72368,56.7715,5138.71,5219.88,3873.24,3925.94,1324.28,1301.04,11.3079,11.0833
1384,1250,0.138775,1.17806,5436.87,5246.66,3814.31,3704.38,1215.62,1217.27,10.4649,10.3583
1386,1401,0.36796,5.13842,5049.14,5039.27,3737.21,3902.83,1265.56,1222.11,10.4902,10.2798
139,138,0.747179,51.6,5306.94,5358.17,3866.2,4117.32,1302.87,1300.68,10.8058,11.1495
1390,1371,0.334386,5.2815,3763.39,4629.4,3729.9,2980.74,1238.46,1256.15,11.2078,10.7451
1396,3093,14.7166,61.3881,4942.63,5039.48,3798.05,3785.22,1288.71,1247.03,10.2191,10.1118
1401,1384,0.379025,2.06912,5231.77,5187.1,3766.92,3847.47,1257.21,1238.5,10.573,10.567
1402,NULL,0.823097,11.2773,5335.73,5367.58,3863.17,4095.45,1271.25,1280.62,11.1151,10.9038
1408,1353,0.711162,12.7049,5335.26,5158.31,3732.16,3664.7,1265.15,1222.88,10.1225,9.99999
1412,1390,0.21119,17.6151,3777.98,4468.2,3644.41,2716.42,1203.23,1206.25,9.67606,10.4547
1414,1471,0.364813,1.75289,4703.02,4831.84,3868.08,3542.72,1296.85,1277.8,8.57338,8.88408
1415,3391,0.00927963,0.317934,5248.44,5351.25,4070.63,3808.42,1227.63,1260.96,9.38168,9.97515
1418,1422,0.420733,61.393,4983.53,5097.98,3662.12,3889.68,1247.81,1215.81,9.80886,9.87162
1422,1408,11.037,41.7127,4910.88,4834.1,3691.63,3385.31,1246.15,1191.29,9.98381,9.92298
1425,1434,0.0159312,1.11816,5568.66,5512.23,3975.61,3651.67,1296.85,1297.41,10.0641,10.5891
1428,NULL,0.0851133,17.6665,4771.53,3893.53,3682.4,2770.95,1239.75,1198.09,9.12558,9.14989
1429,1418,0.0143086,0.0825847,5138.02,5089.55,4021.02,4085.05,1315.63,1314.59,10.1671,10.4173
1431,3098,0.164804,3.26285,4425.87,4665.08,3693.86,3685.84,1215.22,1199.19,10.8054,10.3423
1434,1511,0.166918,1.99213,5305.03,5263.18,3770.25,3833.76,1285.93,1288.66,10.8554,10.7146
1435,1408,0.0601158,2.03108,5408.08,5232.41,3550.89,3787.07,1257.05,1193.6,10.5015,10.1578
1437,1522,0.233076,32.7309,5727.71,5342.11,3758.01,4111.96,1210.01,1229.43,10.8958,10.5485
1441,NULL,26.9953,228.623,4514.97,5106.1,3730.36,3920.04,1240.45,1226.46,10.3222,10.8331
1444,1396,0.193263,2.90701,4962.09,5057.71,3808.37,3679.83,1311.18,1297.34,9.01297,10.0166
1447,1428,0.115182,7.01918,4721.66,4079.75,3703.57,3352.32,1229.9,1242.4,9.56796,9.24128
1458,1422,0.179317,1.26408,4902.12,4855.91,3638.7,3520.7,1249.79,1228.81,9.55406,9.44999
1459,1418,0.066178,0.691296,3549.34,4457.09,3821.91,3974.44,1246.56,1225.74,9.39359,9.71804
1463,1353,0.758356,119.663,2911.08,4681.8,3614.06,3832.32,1092.51,1120.66,8.82689,9.65013
1469,1522,0.490292,20.9195,5145.71,5417.34,3747.11,4160.35,1214.92,1199.72,9.07423,10.1297
1471,1431,4.92055,54.9075,3164.23,4145.57,3693.58,2949.18,1198.67,1174.5,8.35985,8.97738
1474,1499,0.175861,2.18754,5611.38,5411.58,3800.02,3891.97,1161.83,1133.79,10.5643,10.4588
1477,1418,0.443471,3.85365,4672.28,4857.47,3713.56,3977.01,1207.4,1182.76,9.70787,9.58406
1484,1485,0.245966,6.54918,4802.72,4868.75,3689.19,3796.99,1242.67,1201.6,9.27937,9.07732
1485,1422,1.45234,54.5112,4154.63,4195.84,3493.64,2870.06,1215.73,1140.79,8.97211,8.87567
1486,1477,0.0427594,1.37206,4853.02,4920.88,3939.95,4017.34,1288.43,1273.33,9.6314,9.41112
1489,NULL,0.123294,0.631202,3058.02,3168.79,3977.02,4020.5,1309.89,1305.77,11.4445,11.2288
1492,1477,0.0239203,0.781832,5031.32,4979.89,4007.19,4189.72,1216.23,1160.73,9.36445,9.47727
1499,1471,1.94937,39.888,4951.34,4866.85,3733.84,3743.03,1178.59,1171.29,8.54965,9.5574
1500,1514,0.0288718,0.389366,5286.35,5246.45,3953.39,3931.72,1312.22,1306.21,9.8365,9.5978
1503,1441,0.556409,6.61964,5561.32,5447.69,3709.56,3717.36,1285.65,1287.32,10.9712,10.6001
1511,1418,8.43131,47.2392,4940.84,5053.6,3795.97,3828.42,1268.98,1230.38,10.4895,10.1592
1514,1484,0.106194,2.35111,4889,5224.15,3864.94,4111.28,1188.38,1214.37,9.1608,9.48052
1517,1499,0.104635,8.90595,4869.94,4916.03,3910.68,4103.81,1261.87,1243.05,8.57274,8.99599
1519,1484,0.0787265,26.9795,4984.7,4020.86,3751.91,3097.7,1231.28,1205.95,8.84114,8.31851
1521,1517,0.361163,12.2278,5097.15,5332.61,3828.89,3997.76,1215.18,1208.72,8.3408,9.52171
1522,NULL,8.00185,2887.58,3242.58,4325.88,3450.04,3238.55,1046.41,1115.36,9.27781,9.26651
1526,XX2,0.0706093,1.53584,5576.73,5208.76,3704.82,3811.21,1281.26,1276.41,10.3501,9.57141
1531,3392,1.78904,84.2451,3511.38,3956.58,3306.72,3002.13,1114.99,1109.79,8.34733,8.91361
1537,XX32,0.133494,9.63252,4766.41,4699.58,3883.02,3497.03,1260.55,1263.86,10.1577,10.3669
1543,1531,1.00585,101.863,3454.26,4072.22,3600.74,2712.76,1207.1,1190.24,7.31049,9.00967
1544,3090,2.12703,40.685,4936.08,4909.82,3814.18,3828.56,1224.53,1188.05,10.4016,10.3236
1548,1517,0.134527,3.77784,3882.7,5388.11,3931.93,4067.14,1333.12,1308.08,9.95613,10.2638
1549,1531,0.0663205,3.66461,4241.56,4114.92,3283.87,2599.39,1195.75,1164.88,9.74209,8.81017
1557,1499,0.785941,29.4492,3736.96,4214.82,3696.87,3227.67,1174.28,1215.94,8.98548,9.16978
1564,1531,0.319064,3.34862,3877.02,4309.19,3734.6,2967.27,1211.48,1166.6,9.65012,9.38539
1578,NULL,3.14706,38.929,3532.54,3210.63,3169.6,2258.12,1069.07,1036.78,6.20515,6.85184
1581,1522,4.24043,280.98,4790.1,4694.37,3446.52,3566.61,1110.59,1111.49,8.08884,8.97221
1587,1591,1.90934,96.8735,2951.82,3878.49,3687.46,2532.88,1233.43,1165.66,6.66371,8.03486
1588,NULL,0.55667,29.2607,5073.33,5406.59,3828.02,4260.43,1241.1,1287.58,9.80927,9.9006
1591,1531,0.210154,53.5768,3437.55,3988.37,3354.76,2811.07,1215.38,1167.64,10.4411,9.12164
1594,1600,0.0227576,0.38287,4390.85,4500.59,3438.91,3291.73,1285.19,1271.86,10.3089,10.3201
1595,1522,0.198585,3.54489,5133.38,5438.86,3809.52,2641.57,1313.27,1285.32,10.6691,11.1558
1598,3395,0.951033,100.39,5099.3,4770.3,3708.61,3751.91,1226.76,1199.99,10.0406,10.1948
1600,1603,0.0288348,0.462112,4311.03,4379.98,3292.2,3242.84,1198.26,1218.63,9.23391,9.6663
1603,1605,0.065136,1.67862,5141.65,4604.27,3719.74,3278.6,1232.14,1241.3,9.57712,9.28094
1604,1628,0.254712,9.684,5218.97,4519.99,3570.91,3190.75,1130.85,1160.27,10.8678,9.88714
1605,1531,0.703067,69.5091,4692.57,4218.6,3712.14,3002.5,1220.6,1204.96,10.4941,9.55651
1606,1581,0.173198,7.01928,4784.97,5289.12,3664.51,4209.71,1153.89,1192.75,7.82917,8.88295
1608,3395,0.040391,0.191781,3877.73,4672.87,3724.53,3711.69,1278.49,1271.11,10.2459,10.1132
1610,1605,0.219747,6.85681,4226.57,4177,3725.39,3007.09,1251.19,1196.19,8.49827,9.24301
1611,1598,0.0995381,29.0876,5157.29,5540,3944.28,4283.17,1270.4,1255.18,10.702,10.926
1613,1611,0.0197186,0.727412,4768.58,5138.45,4033.65,4068.04,1295.08,1266.03,10.817,10.4209
1616,1605,0.67599,13.6045,4699.25,4477.56,3752.95,3700.19,1244.77,1200.17,10.3787,10.1495
1619,3963,0.0231976,0.384574,4890.83,5046.12,4100.06,4162.82,1219.83,1211.29,11.3776,11.0204
1620,1581,1.1313,71.4621,4790.61,4685.71,3412.54,3595.47,1089.56,1155.93,8.12513,8.61059
1622,NULL,1.72835,10.5581,4519.18,4080.66,3622.06,3205.43,1166.54,1089.77,8.8533,8.77362
1623,1610,0.0264974,6.63465,5296.27,4450.22,3361.49,2687.02,1215.52,1229.77,9.50829,9.28801
1627,1628,0.0391523,0.602583,4836.09,4792.25,3758.33,3610.81,1307.76,1304.5,11.4835,11.1026
1628,1633,1.63826,21.4168,3961,4806.19,3403.65,2877.25,1144.75,1162.51,9.41461,10.077
1629,1623,0.0452527,4.10185,4206.02,3970.81,3407.85,2560.22,1221.07,1222.92,8.84937,9.47272
1631,NULL,1.25822,39.0261,5472.13,5191.84,3851.1,3881.09,1221.29,1212.22,10.4939,10.2185
1632,1639,0.474748,15.3133,5026.03,4443.68,3447.05,3360.49,1151.92,1150.75,8.39956,9.10167
1633,1632,0.322494,4.41826,3499.51,4012.44,3529.76,3032.02,1179.14,1158.38,7.96799,8.94367
1635,XX110,0.0639978,19.4515,5487.38,5262.41,3861.98,4126.19,1238.91,1225.92,8.56733,9.12082
1637,NULL,0.793019,11.8451,5451.88,5403.79,3858.54,4240.13,1254.55,1223.66,10.1899,10.6205
1638,1622,1.96922,58.9064,3884.56,4077.61,3535.91,3313.3,1104.21,1115.38,8.81417,8.85346
1639,NULL,3.07927,31.6142,4363.44,3832.17,3571.41,3058.81,1207.98,1138.28,7.99969,7.77058
1640,1691,0.348556,52.8019,4012.61,4447.42,3687.62,3348.85,1225.66,1220.6,10.2999,9.9041
1641,1639,0.515231,9.08497,4166.75,4167.52,3366.34,2461.43,1151.76,1116.09,8.13638,8.40815
1642,1645,0.0217617,7.31536,4056.7,4382.26,3637.86,3125.38,1155.43,1220.35,8.26475,8.88801
1643,1642,0.0641938,39.7661,4082.55,4338.87,3461.7,2688.56,1209.38,1166.61,7.49987,8.69185
1645,1640,0.305972,4.78222,4631.11,4313.21,3621.7,3244.84,1227.79,1217.44,8.16714,8.5054
1646,NULL,0.0775734,0.517306,4781.09,4780.24,3408.48,3337.96,1234.2,1242.73,8.46349,8.4779
1647,NULL,0.667777,77.5012,4775.35,4970.94,3818.22,3631.62,1280.36,1253.4,10.279,10.4273
1650,1691,0.0643594,0.718494,4600.39,4806.8,3662.5,2803.99,1201.64,1190.91,10.5922,10.2904
1651,1631,9.25591,108.483,4175.65,4766.96,3767.73,3560.14,1236.03,1215.82,9.75741,9.73464
1654,1670,0.0327708,2.42655,2038.73,5097.91,3620.31,3288.02,1211.44,1143.04,5.22928,9.792
1659,3968,0.695452,10.2093,4499.23,4630.33,3579.86,2702.19,1124.72,1134.86,10.5542,9.93775
1663,1691,3.11597,32.7278,3994.12,4227.66,3711.74,3092.57,1246.46,1192.17,9.0917,9.56655
1664,1682,1.72714,16.7656,4067.82,3957.85,3531.68,3091.12,1221.02,1201.1,8.17326,8.63906
1665,1651,0.0554977,4.49032,4432.68,4709.52,3365.82,3976.32,1166.88,1184.34,9.13898,9.11571
1666,1522,9.29455,99.6597,4413.94,4698.3,3806.33,3568.12,1239.57,1190.34,9.66499,9.29708
1667,1663,0.0575594,0.520338,4121.91,3882.39,3709.73,3097.58,1265.02,1243.05,9.79702,9.66262
1670,1664,0.354855,29.5251,3916.24,4214.07,3635.74,2776.65,1198.09,1197.84,8.94959,9.52415
1671,3047,0.506829,16.0927,5356.12,5280.95,3659.22,3476.73,1217.76,1238.79,10.2847,10.084
1672,1670,0.0391922,5.45937,3823.96,4678.61,3221.81,2750.11,1263.35,1245.79,9.24816,9.77988
1673,1691,0.0590586,0.468071,4963.81,4702.49,3558.23,3463.7,1278.96,1271.59,10.1246,10.2211
1674,1670,0.198699,3.43736,4317.04,4608.3,3628.88,3624.06,1205.3,1166.64,9.12928,9.62911
1675,1670,0.0235336,1.79122,3556.74,4602.67,3580.45,3760.53,1288.21,1258.63,9.36826,9.80942
1676,1670,0.0380673,1.3422,4746.55,4844.62,3598.85,3620.37,1253.09,1205.54,9.6522,9.77319
1677,1682,0.0581977,0.423013,5230.98,5160.24,3771.07,3729.99,1273.54,1268.45,10.4855,10.4917
1678,1683,0.0311021,1.01249,4859.68,4567.96,3591.46,3447.14,1296.15,1287.35,9.51902,9.55234
1679,1670,0.3691,6.6682,4839.37,4776.73,3715.82,3379.81,1286.77,1274.37,9.79362,10.174
1680,1678,0.113246,13.9876,4604.67,4794.46,3686.35,3478.96,1292.44,1279.63,9.4964,10.1748
1681,1680,0.548441,25.3342,4394.79,4755.29,3710,3399.77,1285.04,1272.99,9.82661,10.1592
1682,1691,1.21581,27.4335,2813.89,4215.92,3747.36,3091.51,1241.66,1213.89,7.35246,9.29203
1683,3011,0.195684,6.2597,4975.15,4939.67,3579.04,3696.91,1292.63,1281.49,9.70158,9.82346
1684,3015,0.0926898,3.41424,4777.54,4503.29,3628.32,3298.11,1278.19,1252.25,8.93764,9.09367
1685,XX228,2.70873,73.3074,3775.71,3912.02,3708.63,2952.05,1228.65,1228.01,9.06095,9.01513
1686,3011,0.0740524,1.48278,5102.18,4947.7,3832.57,3710.02,1276.37,1268.15,9.87889,10.007
1687,1685,0.61702,25.5207,3400.41,4340.7,3481.54,2421.64,1191,1183.34,7.8704,8.87329
1688,1681,0.0493316,0.422714,4818.1,4901.85,3610.62,3507.06,1283.68,1284.94,9.76163,9.86128
1689,1688,0.536458,3.17661,4978.37,4866.09,3798.94,3705.5,1273.49,1264.31,9.73155,9.69026
1690,1694,0.107004,2.0055,5272.27,5025.12,3675.18,3399.53,1273.82,1300.77,9.79374,9.77376
1691,3008,14.1431,146.66,4335.39,4551.28,3659.68,3446.65,1225.03,1154.19,9.36651,9.88243
1694,1682,0.646399,16.8153,2339.65,4247.96,3663.81,2613.88,1222.39,1188.86,7.33776,10.0285
1699,XX228,0.019185,0.787913,4338.96,4210.95,3737.25,3598.76,1290.3,1279.74,9.10506,8.80645
1702,1522,0.363094,10.1051,5810.76,5395.73,3703.07,3925.09,1166.19,1160.89,10.7068,10.0072
1703,3014,0.245827,2.27615,4248.51,4126.25,3715.44,3363.34,1284.52,1278.35,9.2282,8.89184
1705,NULL,0.463366,37.458,4839.03,4493.68,3486.24,3414.47,1162.35,1141.49,8.68655,9.00617
1706,1691,0.543691,15.816,4863.23,4317.04,3677.45,3381.35,1248.53,1238.05,10.275,9.76977
1709,3013,0.108129,5.9419,4901.37,4545.5,3734.32,3421.39,1275.09,1283.43,9.89568,10.0541
1710,1716,0.0280004,2.24177,5586.77,5518.04,3434,2667.46,1223.57,1194.37,9.23174,9.17684
1711,3013,0.598035,2.74007,4579.46,4782.89,3872.78,3810.63,1294.44,1273.82,10.0659,10.2037
1712,1710,0.118845,6.16824,5414.06,5059.51,3174.72,2170.92,1156.87,1175.74,8.46594,9.14696
1713,1694,0.0739069,0.562539,3817.97,3789.68,3778.66,3762.74,1265.75,1256.3,9.98359,10.0233
1714,1694,0.0407398,1.40258,4324.27,4292.69,3533.18,3139.33,1264.27,1259.31,9.96295,10.3371
1715,1714,0.800377,12.7312,3823.62,4488.06,3541.46,3134.22,1239.39,1243.04,11.1613,10.0712
1716,1685,0.104177,4.873,2519.83,3920.74,3682.36,3198.82,1177.22,1201.5,5.62596,8.01966
1717,1709,0.565301,10.8177,4882.2,4655.29,3768.22,3314.89,1260.85,1266.85,10.2309,10.3246
1718,1685,0.0498466,1.41099,5211.94,4548.85,2835.96,2441.39,1203.32,1252.76,11.0541,9.98874
1719,1706,0.167932,4.27679,3029.72,4520.44,3582.41,3217.83,1221.19,1166.45,9.05993,10.5311
1722,1727,0.0249815,0.617274,5139.52,5085.91,3455.91,3477.4,1284.76,1313.35,10.5103,10.4235
1723,1694,0.0412663,0.651479,2966.66,3709.29,3369.21,3149.53,1284.64,1287.36,10.2046,9.70603
1724,1685,0.0963582,2.06129,5134.21,4634.58,3842.92,3251.64,1334.32,1344.83,9.28576,8.66301
1725,1727,0.0168658,0.164755,4981.87,5233.89,3758.83,3750.87,1300.26,1317.63,10.4082,10.3079
1727,1737,2.59967,12.3962,4828.7,4767.84,3729.25,3527.39,1282.23,1239.37,10.3328,10.1449
1728,3279,0.351262,4.8744,5084.02,4834.62,3740.98,3447.49,1283.03,1245.13,9.89067,10.2666
1729,1778,0.703933,74.5625,4250.75,4419.97,3862.05,2849.38,1274.06,1240.95,9.77603,9.9669
1731,1706,0.684062,3.23076,4419.07,4408.67,3779.06,3427.78,1268.61,1242,10.0584,10.2189
1732,1522,0.32776,4.82695,5479.04,5562.08,3948.34,4312.55,1226.22,1225.8,10.6939,10.5393
1733,1522,1.48309,113.313,4334.54,4257.61,3680.63,3167.25,1178.47,1146.62,9.01467,8.87116
1734,1715,0.0455791,3.60294,5519.59,4943.18,3371.55,3114.65,1260.13,1226.1,10.6686,9.97394
1735,3250,0.142774,3.80758,4841.86,4458.36,3635.2,2991.45,1234.85,1260.19,10.9574,9.96066
1737,XX170,0.0815333,2.25361,5217.67,4892.05,3427.09,2492.11,1196.17,1217.78,10.3382,10.0934
1739,3245,4.96001,21.5006,3899.16,4402.62,3722.77,3021.13,1249.54,1194.82,8.8791,9.94826
1741,XX103,0.195267,5.75253,4112.96,4312.66,3501.25,3192.29,1219.81,1163.91,8.50775,8.7307
1744,1735,0.179761,9.89979,4099.52,4174.43,3746.95,2905.67,1247.63,1223.63,10.5211,9.55405
1745,NULL,10.8295,122.774,5005.13,5074.54,3780.72,3682.96,1276.81,1224.37,10.2459,9.94648
1746,1748,0.0671031,2.30348,4287.9,3770.4,3310.61,2753.42,1195.27,1229.04,9.78325,8.77456
1747,1717,0.0159691,1.39005,4726.87,4693.72,3810.29,3864.97,1258.25,1253.21,10.1229,10.7566
1748,1766,0.145458,1.37998,3522.87,3848.04,3765.36,3412.38,1328.1,1335.43,10.7166,9.09652
1749,XX156,0.0706997,0.295542,3697.2,3793.9,3901.69,3917.48,1298.49,1292.51,10.3342,10.0143
1752,3245,0.0219434,0.315868,4971.66,4816.51,3269.96,2853.35,1222.88,1211.64,10.531,10.1589
1753,3048,0.223662,14.4341,5722.39,5478.49,4005.86,4106.55,1338.13,1248.8,10.6103,10.21
1754,1762,0.0485375,0.895884,4710.73,4454.4,3637.27,3714.52,1288.38,1294.77,10.7907,10.2794
1755,1761,3.66189,15.0386,4630.96,4394.82,3644.68,3484.92,1226.34,1189.54,9.97463,9.67138
1756,1766,0.0237245,1.7895,3999.28,3926.83,3536.67,3320.24,1365.57,1355.81,10.1546,9.42785
1758,1752,0.0365429,0.362252,4916.85,4671.69,3436.64,3138.5,1216.12,1202.39,10.3908,9.84943
1759,NULL,0.631878,9.66121,4848.31,4985.14,3811.43,4070.14,1276.49,1235.44,11.7468,10.9372
1761,3009,0.860706,12.7787,4311.95,4523.97,3675.88,3381.55,1233.8,1201.42,8.74241,9.45012
1762,1776,0.0505213,0.462031,5179.23,5111.4,4017.22,3987.87,1282.24,1266.89,10.53,10.7567
1764,XX103,0.617443,47.663,3918.35,3799,3584.32,2389.24,1173.68,1122.24,8.02949,7.70669
1765,1807,0.914288,102.743,4145.46,5020.84,3757.75,3807.82,1169.49,1202.45,10.9007,10.3202
1766,3269,3.54585,18.7314,4253.44,4382.11,3811.57,3194.93,1295.83,1276.42,10.2705,10.4259
1767,1763,0.508732,12.1352,3285.84,4846.45,3891.73,2712.57,1277.25,1267.72,7.19009,9.51246
1771,1739,0.0375952,0.408512,3147.25,3005.84,3547.62,3359.15,1224.34,1235.28,7.608,8.19505
1776,3010,2.12751,6.67921,4253.6,4347.29,3793.15,3668.2,1300.1,1288.32,10.4138,10.4441
1778,1804,0.249761,17.6625,3459.05,4024.57,3639.86,3165.35,1215.74,1227.36,10.9869,10.195
1780,1761,1.11496,8.42319,5060.41,4552.77,3575.67,3243.83,1182.52,1164.57,9.83342,9.56834
1781,1522,0.100271,32.9343,2759.19,3724.81,3409.81,2085.36,1117.39,1100.65,7.31966,8.3472
1783,3249,0.952027,4.23872,3437.78,3812.59,3805.54,3157.08,1265.48,1238.53,10.546,10.1693
1784,1522,0.452052,13.54,5749.2,5544.28,3811.9,3986.22,1254.8,1247.41,10.3875,10.1139
1786,3020,0.252703,2.47084,3920.81,4305.14,3206.07,3059.16,1175.78,1156.92,8.5641,9.5723
1788,1789,0.302335,3.55425,4210.53,4519.77,3479.23,3200.06,1217.27,1219.07,8.95077,9.96071
1789,1786,0.0123985,0.300199,4282.54,4317.55,3555.51,3618.56,1241.68,1210.39,8.91919,8.98139
1790,3020,0.208165,4.64453,4201.33,4279.53,3713.06,3491.63,1267.48,1233.17,7.58273,9.04405
1791,1793,0.122892,1.96514,4582.9,4582.86,3645.32,3251.09,1267.41,1257.32,8.92237,9.65305
1792,XX130,0.117664,1.57892,4875.92,4517.92,3826.31,3502.24,1290.8,1286.7,10.0052,10.2023
1793,1788,0.0232611,0.219645,4736.47,4754.1,3516.19,3368.37,1273.98,1273.13,8.86402,9.05166
1794,1789,0.141118,0.612596,4650.56,4622.7,3698.42,3520.86,1290.92,1281.17,9.35851,9.32632
1800,1807,3.11058,105.873,4447.41,4983.73,3423.63,3795.51,1117.14,1188.3,8.87314,9.33897
1801,1755,0.995908,24.3845,3796.31,4386.34,3587.25,3127.62,1178.22,1141.06,9.10006,9.6491
1803,NULL,1.49375,15.8093,5203.47,5024.47,3560.02,3818.33,1157.27,1180.95,10.8521,9.98678
1804,NULL,0.0358336,7.71455,3618.24,3657.96,3755.16,2992.21,1257.1,1216.93,11.2944,10.5571
1805,1522,0.0378083,3.24331,5595.37,5186.56,4030.95,4140.78,1267.59,1257.53,10.8582,11.0095
1806,1805,0.0428232,3.48793,5092.26,5095.19,3901.89,4211,1270.37,1251.13,11.3074,11.3349
1807,NULL,3.39207,38.3112,4441.21,4919.51,3787.71,3970.95,1215.62,1184.44,10.6804,10.4578
1808,1823,0.0276947,1.25575,4961.57,5267.23,3854.05,3832.72,1305.97,1308.05,9.48285,9.46723
1809,1780,1.92724,40.7538,4950.52,4560.19,3546.89,3546.66,1190.56,1138.31,9.52241,9.20428
1810,3021,4.63864,35.2704,3147.56,4261.21,3705.75,2975.56,1243.01,1212.13,7.50506,9.3031
1812,1823,0.426004,2.58695,5005.96,4524.63,3654.17,3627.28,1260.2,1265.84,9.57595,9.1339
1815,1845,0.111628,2.66297,5375.94,5112.31,3615.34,2700.31,1272.33,1227.81,10.482,10.3128
1817,1828,0.0492192,2.16211,4093.7,4513.94,3830.55,3530.96,1226.27,1222.16,8.57611,9.38332
1821,1806,2.38766,19.7625,5211.85,4847.59,3883.15,3460.19,1256.61,1251.45,10.5847,10.7273
1822,1826,0.0822365,1.46233,4280.28,3928.5,3473.2,3146.61,1151.25,1168.01,8.14701,8.13252
1823,1845,0.906904,7.53663,5158.16,4808,3711.9,3480.45,1279.48,1255.63,10.0293,9.74337
1825,1830,0.100821,1.19265,4880.69,4911.17,3739.24,3700.55,1287.91,1282.65,9.12211,9.08219
1826,1809,0.026195,4.87392,4930.69,4724.57,3251.57,3252.06,1160.52,1128.75,8.9287,9.55875
1828,1830,0.0469879,0.774949,4839.49,4821.74,3951.32,4109.71,1201.39,1211.56,9.07312,9.06638
1829,1845,0.474412,12.6238,4812.67,4513.07,3677.79,3376.28,1212.19,1204.49,8.87607,9.22002
1830,3024,2.98142,39.575,4196.51,4056.94,3750.16,3177.12,1255.68,1234.61,8.87103,8.70853
1831,1522,0.349986,7.66411,4871.77,4874.03,3756.05,3991.21,1177.12,1138.08,10.7562,9.99138
1832,1830,0.0579976,23.4441,3796.33,4407.51,3526.09,2108.5,1209.34,1192.12,8.62436,8.77006
1834,1522,2.72167,103.456,3746.93,4041.65,3553.7,2817.73,1150.87,1125.63,7.78575,8.37965
1835,1800,0.396731,17.9107,4953.95,5054.74,3781.26,4181.41,1239.71,1312.69,8.93423,9.58624
1836,3026,0.10028,1.40256,5348.47,5194.85,3820.23,3726.33,1321.8,1328.8,9.36785,9.46862
1838,3374,1.08656,10.6392,4922.13,4959.76,3722.07,3777.46,1222.5,1177.93,10.1239,9.99308
1840,1843,0.107404,12.7692,4528.23,4494.27,3677.78,3956.38,1196.19,1194.6,7.93764,8.83285
1841,3372,0.0801711,1.50102,3463.73,3143.13,3597.38,3098.67,1208.6,1167.38,8.28258,7.78001
1842,3372,0.321888,6.15738,4346.66,4827.19,3734.55,3680.02,1214.05,1174.49,9.66916,10.0739
1843,1849,0.0569585,4.61222,4892.75,4592.14,4041.19,4159.81,1256.9,1270.86,8.14614,9.13505
1844,1846,0.0438433,0.472476,4012.59,4811.23,3484.47,3262.25,1287.83,1278.32,10.378,10.6917
1845,1801,13.6303,173.252,4439.55,4325.48,3651.43,3258.45,1196.24,1171.4,9.06817,9.27827
1846,1847,0.0372222,0.625673,4422.4,3713.37,3416.06,3502.4,1278.39,1289.27,8.80966,9.07717
1847,1854,0.0482574,2.10027,4755.89,4578.24,3548.13,3343.94,1279.57,1269.81,8.99656,9.57753
1849,1898,0.0798432,0.668181,5340.82,5176.88,3979.68,4037.14,1315.74,1317.12,9.41006,9.04709
1850,3372,0.0589819,10.3261,4868.48,4775.17,3862.92,3970.4,1203.82,1120.99,9.34708,9.77125
1851,3371,0.0567428,0.961782,4091.24,3929.9,3455.76,2803.86,1180.5,1144.19,8.24583,8.15009
1853,1522,1.72334,19.1745,5281.39,5097.8,3788.33,3981.93,1253.25,1251.91,10.7224,10.4668
1854,XX135,0.0391714,2.14935,4697.09,4658.24,3231.93,3125.34,1243.31,1232.78,9.48029,9.89438
1855,1878,0.113743,4.9536,4233.8,5602.62,3900.93,2671.97,1310.53,1285.28,10.0574,10.8521
1856,1522,0.0815898,2.37278,3608.01,4414.71,3686.42,3234.87,1244.89,1203.85,9.10306,9.12626
1857,1867,0.177215,1.86165,4837.7,4927.21,3513.13,3222.92,1271.49,1262.71,9.74875,9.92432
1858,XX90,0.234715,16.5976,4803.05,4793.79,3678.13,3702.18,1207.18,1148.38,8.72569,9.66432
1860,1845,0.985709,21.2199,4186.75,4642.52,3696.84,2837.38,1275,1216.54,8.61308,9.44027
1861,NULL,0.582102,6.28346,4256.13,4584.37,3633.21,2751.47,1225.75,1180.02,10.0002,10.2278
1862,3368,0.0434789,0.98526,4076,3538.87,3545.46,2922.05,1230.74,1196.33,8.67918,7.62909
1863,1860,1.78631,11.7673,4736.04,4927.68,3685,3335.94,1278.98,1233.45,9.49854,9.65528
1865,1858,5.11744,81.4277,3899.55,4272.7,3666.79,3186.39,1216.39,1164.72,8.21095,9.49481
1866,3368,0.0461149,2.25542,4038.33,3987.06,3564.02,3586.28,1222.33,1180.86,8.51894,8.31811
1867,1863,0.138541,9.29428,4698.73,4500.45,3723.38,3867.53,1271.86,1200.11,9.68958,9.13826
1868,NULL,1.43669,20.5439,5436.84,5366.35,3766.23,4112.79,1219.49,1198.93,10.2972,10.1855
1869,1867,7.38319,63.9244,4156.25,4233.79,3622.75,2955.37,1215.17,1174.65,7.89473,8.60912
1871,1886,0.0177448,0.306543,4683.89,4555.53,3847.46,3508.55,1272.32,1249.09,9.38932,8.97091
1873,1866,1.09283,14.9094,4179.42,4059.89,3553.83,3161.43,1177.7,1127.35,8.15536,8.45791
1874,1860,0.0321471,2.50841,4221.29,4393.25,3379.62,3367.14,1229.72,1249.3,9.84553,9.24425
1875,NULL,1.75262,147.904,4384.31,4202.47,3663.02,2762.65,1213.96,1193.03,9.96803,9.89158
1876,1877,0.0695391,25.0678,3843.28,3889.02,3371.13,2166.2,1195.91,1154.46,8.56063,8.7222
1877,1865,0.13341,2.76885,4656.22,4115.26,3697.75,3443.82,1199.23,1192.07,8.90155,8.81206
1878,1920,0.642835,12.7951,4015,4714.7,3795.67,3372.88,1295.5,1282.78,9.44492,9.817
1881,1892,0.499567,21.0739,3511.98,4745.48,3654.42,3187.85,1213.09,1170.8,10.1537,9.60779
1882,NULL,0.899974,39.9897,5246.32,5050.84,3863.96,4052,1315.71,1272.86,10.4286,10.3942
1883,1522,7.63131,393.835,4010.72,4478.44,3670.45,3423.5,1122.03,1155.94,10.2423,9.83449
1884,1873,0.307774,38.8222,3604.38,3896.13,3397.45,2574.08,1140.13,1122.05,7.9778,8.53306
1886,3072,7.52291,54.0874,4309.58,4422.41,3797.41,3292.2,1255.34,1198.89,9.27531,9.3021
1887,1868,0.308611,3.91348,3632.95,4777.63,3755.35,3783.98,1209.34,1177.07,9.38487,9.44157
1891,1877,0.030248,1.45637,4251.18,4373.27,3644.8,3239.72,1189.99,1172.93,8.8847,8.87175
1892,1896,0.049735,1.96534,4063.79,4192.77,3818.56,4161.78,1264.87,1254.15,9.54883,9.09754
1895,1897,0.500331,6.18124,5216.85,4863.79,3794.89,3201.19,1279.45,1234.57,9.777,9.47503
1896,1898,0.160314,8.32172,5093.76,4891.11,3653.6,3754.84,1210.23,1232.61,10.5357,9.90813
1897,1914,0.155027,4.71802,4975.74,4772.39,3513.09,3629.47,1268.79,1286.77,9.65589,9.70568
1898,1926,0.219669,34.7061,4600.11,4781.95,3844.84,3526.36,1210.36,1219.51,10.1904,9.6613
1900,1929,0.364819,6.46761,4531.65,4461.16,3789.76,3456.74,1298.46,1262.39,10.1092,9.55816
1903,3062,0.0572046,4.79864,5135.79,5140.01,3789.71,3963.55,1224.11,1254.76,9.82633,9.86961
1904,1917,0.0367433,4.35316,5552.67,5551.98,3743.8,4456.18,1207.99,1228.68,9.77161,9.93802
1905,1901,0.324495,7.76045,4326.62,4749.96,3737.96,2988.16,1267.35,1271.95,10.9547,10.156
1906,1939,7.27202,74.0661,3936.64,4904.9,3782.31,3725.66,1233.42,1208.71,9.76996,9.97468
1908,NULL,0.146463,10.0946,3513.33,4584.34,3770.67,2947.21,1284.62,1238.43,10.0572,10.2157
1909,NULL,0.0930552,0.718278,3391.08,3623.53,3825.08,3922.98,1291.84,1287.29,9.55954,9.5288
1910,3062,0.0108431,0.552121,5501.26,5071.72,3884.63,3872.52,1253.57,1253.54,10.2394,9.78613
1911,NULL,3.30887,75.3941,4062.31,4700.12,3764.28,3518.09,1245.54,1251.24,10.6559,10.5489
1914,1906,0.739546,18.914,4983.48,5179.59,3650.22,3505.52,1210.25,1209.16,8.91648,9.86752
1915,NULL,1.89193,44.797,4316.95,4719.21,3760.69,3379.52,1254.34,1250.7,10.1603,10.6595
1916,1904,0.0295745,9.26816,5510.35,5608.87,4118.41,4442.05,1265.72,1281.11,9.5911,10.5522
1917,3061,6.17742,63.9501,5011,5134.71,3776.22,4003.47,1193.63,1214.39,9.92304,10.0693
1918,NULL,0.447272,5.56016,5121.2,5096.38,3672.19,2870.31,1218.11,1210.38,10.3355,10.3472
1920,1914,7.22778,176.861,4660.75,4965.12,3738.44,3877.87,1266.34,1262.03,8.96482,10.0057
1924,1883,0.243068,11.3818,3277.66,4169.74,3538.61,2977.1,1209.46,1186.09,8.40512,9.5003
1926,1883,6.26194,112.863,4819.72,4810.65,3513.85,3723.39,1097.27,1097.95,8.9446,8.94153
1928,1976,2.41547,15.9387,5461.79,5136.33,3815.01,3785.72,1310.28,1290.89,10.6867,10.5006
1929,3256,2.03187,50.8275,4279.44,4516.99,3660.05,3329.29,1251.27,1219.89,9.06017,9.62138
1930,1948,0.274636,1.32914,4498.45,4555.85,3771.32,3744.63,1330.63,1330.61,9.98428,10.0297
1931,1924,1.77827,155.213,3871.26,4095.61,3460.58,2816.42,1191.18,1134.63,6.91197,8.51862
1932,1936,0.031047,5.37714,4718.12,4530.03,3575.41,3593.82,1314.45,1310.09,10.6681,9.60082
1933,1929,0.0194995,0.343952,4375.51,4325.73,3702.13,3538.09,1257.7,1268.71,9.50063,9.09984
1934,3256,0.292521,6.49918,4520.43,4520.25,3620.45,3681,1226.24,1201.48,9.44901,8.98271
1935,3416,0.0113728,0.680319,5723.49,5654.16,3752.47,3047.01,1224.89,1192.27,10.4759,10.2609
1936,1951,0.186382,13.2037,4564.92,4553.68,3896.44,3308.37,1319.56,1300.08,10.6552,9.74469
1937,3064,0.14923,1.8317,4402.77,4596.13,3762.31,4121.53,1155.74,1171.89,10.534,10.0018
1939,NULL,4.80546,74.5321,4312.85,4400.47,3448.62,3403.73,1096,1100.35,8.65363,8.7026
1940,3031,3.98319,51.1329,3899.69,4416.35,3690.82,3182.47,1254.82,1243.22,8.91329,9.69906
1941,1935,0.412217,5.86004,5680.69,5477.48,3595.29,2665.27,1186.42,1143.65,10.2009,9.6066
1942,1883,0.0887019,0.633862,4148.81,4039.29,3550.44,3519.23,1186.61,1195.79,7.44165,7.62229
1943,XX426,0.0325413,0.955214,3396.49,3801.87,3349.11,2936.02,1269.44,1243.77,7.77705,8.85164
1945,1937,1.35476,26.0169,3904.61,4725.53,3617.99,3781.19,1116.74,1164.87,9.64328,9.46831
1946,1951,0.0382901,2.18481,4558.71,4693.95,3785.21,3481.14,1341.45,1333.23,10.9202,10.5172
1948,1954,0.349444,1.97568,4625.65,4544.24,3840.86,3743.77,1343.68,1337.71,8.39257,9.22568
1949,1940,0.088125,3.40515,4089.85,4674.82,3621.91,2743.98,1255.33,1223.98,9.48257,9.30219
1950,3036,0.0305434,0.971931,4992.58,4944.19,3602.98,3437.21,1279.43,1253.52,9.84157,9.55548
1951,1973,0.228289,25.2586,3619.1,4559.45,3524.4,3145.06,1226.83,1236.27,9.34906,10.0285
1953,1946,0.0251915,0.323532,4554.82,4493.47,3571.31,3388.64,1328.23,1337.8,10.8811,10.8018
1954,3075,0.0304851,0.742922,5642.86,5609.15,3806.21,3632.42,1335.44,1346.68,9.98261,10.0289
1959,1950,0.0147338,0.508208,4990.48,4899.58,3494.39,3228.68,1280.38,1247.37,9.72615,9.51472
1960,1973,0.0409351,0.374884,4180.96,4320.04,3705.68,3540.52,1245.04,1222.5,9.36061,9.31007
1963,3036,0.0141658,0.740935,4985.2,4961.54,3642,3490.22,1282.33,1247.47,9.79489,9.39899
1965,1979,0.0348589,0.476492,4881.06,5107.25,3668.35,3460.2,1333.08,1331.39,10.5164,10.5695
1968,2035,1.30361,85.8181,4342.17,4510.03,3765.1,3193.53,1238.98,1214.53,9.78159,9.36616
1971,1976,1.3051,41.5254,5341.59,5219.14,3734.45,3976.67,1261.78,1268.22,9.51897,10.0047
1973,3029,1.39671,13.1078,4203.58,4085.25,3704.32,3017.64,1224.46,1198.62,9.56525,9.60012
1975,XX65,0.0288286,0.618186,3839.06,3446.39,3515.24,2793.94,1196.45,1147.54,7.66575,8.23766
1976,1939,4.14204,44.5069,5005.94,4916.79,3663.02,3680.95,1217.47,1169.21,9.48569,9.35831
1979,1989,0.13133,9.92261,3567.04,4584.22,3356.12,3100.92,1182.63,1193.79,8.44115,9.92291
1980,1931,0.057554,0.884924,4483.42,4117.19,3837.08,3759.45,1262.58,1276.9,8.10183,8.31108
1981,1975,1.54427,23.3947,3314.75,3678.22,3605.36,2338.36,1211.28,1121.6,6.15467,7.44159
1982,3256,0.0819302,1.54172,2668.34,4083.59,3690.89,3730.57,1244.76,1217.09,7.82566,9.0514
1983,3256,0.0676323,1.83828,4606.47,4313.7,3728.34,3247.06,1232.26,1191.34,9.98864,9.77958
1984,1883,0.113451,3.00058,4341.1,3925.44,3746.09,2944,1215.79,1199.07,9.35083,9.39502
1985,2003,0.032435,0.600025,3599.63,4310.06,3888.21,4007.6,1281.22,1265.91,10.5696,10.3632
1986,1984,0.151226,22.3476,3642.23,4167.47,3677.14,2819.14,1228.34,1177.86,8.45606,9.46845
1987,3257,0.327283,4.60836,4965.48,4892.49,3572.08,3414.53,1233.52,1192.79,9.33005,9.17458
1988,3256,0.0602347,2.22987,2603.35,4337.23,3412.81,2647.17,1212.82,1167.75,8.64941,10.2499
1989,2002,0.0713386,4.59808,3792.05,4073.31,3393.08,2973.72,1192.2,1143.03,7.96414,8.3858
1990,1993,9.01556,116.184,4291.54,4769.17,3730.11,3770.77,1246.15,1218.57,8.92333,9.89382
1991,2002,0.0810716,2.01039,5030.79,4183.49,3686.62,3489.28,1234.09,1183.66,8.3273,7.95369
1993,2043,12.2149,113.238,3795.43,4579.25,3659.59,3245.44,1228.82,1209.37,8.9854,9.60966
1994,1990,0.46473,2.99585,5018.13,5029.02,3787.43,3745.62,1253.6,1228.79,9.95986,9.99262
1995,3257,0.151672,2.41952,5072.83,4695.48,3694.65,3395.69,1228.12,1163.35,9.0417,8.89916
1996,1994,0.0657271,5.92148,5418.74,5293.94,3827.5,3936.32,1224.59,1188.79,10.1638,10.0697
1997,1883,0.738258,2.66789,4549.55,4806.11,3702.96,3723.58,1209.75,1194.75,9.85973,10.0799
1998,2011,1.43132,12.7609,3150.04,3999.78,3463.94,3072.39,1170.56,1111.61,7.24956,8.57011
1999,NULL,0.537496,13.8922,4867.87,5179.38,3758.4,4211.94,1188.06,1237.84,8.66027,10.0959
2001,1996,0.0313042,2.80385,5223.02,5153.58,3790.09,3774.18,1246.32,1226.34,10.2305,10.1714
2002,2003,8.04,97.1114,3885.84,4010.59,3377.5,2691.08,1163.31,1124.01,7.3848,8.26023
2003,3256,15.9305,48.9838,4807.81,4582.23,3692.52,3518.26,1248.82,1200.4,9.50612,9.21473
2005,NULL,0.0220517,0.661138,5348.4,5448.67,4044.32,4313.37,1216.97,1205.08,10.4006,10.4569
2006,2047,0.0817574,28.4615,3373.67,4317.7,3550.82,3306.21,1209.67,1210.32,8.21658,9.60655
2007,2026,0.075032,0.449378,4566.12,4821.43,3661.86,3680.35,1278.68,1274.14,9.65556,9.38746
2008,2001,0.0610795,0.614094,4867.49,5057.31,3828.71,3898.68,1250.41,1229.06,9.9852,9.9746
2009,2015,0.0432662,1.15296,4506.67,4438.4,3518.55,4059.99,1200.89,1175.94,8.98447,8.74833
2010,NULL,0.0461042,1.5057,5394.04,5507.32,3855.82,4316.38,1189.64,1169.94,10.1887,10.3169
2011,2016,1.44588,20.5912,4365.28,4527.88,3459.47,3180,1216.75,1199.9,7.8157,8.47847
2012,XX77,0.833042,13.8296,3977.43,4322.53,3533.38,2939.29,1212.09,1186.17,7.70404,8.11981
2014,3345,0.17793,0.852971,4519.42,4346.33,3789.09,3881.13,1240.78,1232.45,8.9514,8.83913
2015,2043,0.0757885,0.72298,4576.55,4350.98,3773.85,3743.22,1241.42,1226.97,9.13862,8.99351
2016,2012,0.0333771,5.43654,4667.39,4329.81,3392.05,2687.83,1249.01,1217.14,7.40026,8.23718
2017,1883,0.0991092,1.15821,3064.55,3594.55,3408.98,2693.35,1133.79,1098.63,10.1452,10.2212
2018,2025,0.0273527,0.974204,5168.83,4689.09,3501.66,3573.07,1252.46,1218.83,8.2393,8.86682
2019,2024,0.188557,35.5266,3194.36,4061.88,3577.42,2778.12,1160.51,1116.61,8.37261,8.80318
2020,2008,7.2826,108.408,4869.45,5037.18,3756.46,3876.54,1215.39,1177.82,10.0439,9.62652
2022,2043,0.0298113,0.341457,4661.8,4687.58,3455.89,3599.24,1242.2,1227.69,8.98632,9.0718
2023,2035,0.10897,6.03779,4380.8,4326.8,3437.02,3324.68,1155.15,1136.9,9.237,8.95681
2024,2035,0.111959,8.10301,4583.87,4386.16,3435.21,3014.08,1185.6,1094.11,9.46757,9.09424
2025,2028,0.460087,30.9035,3800.6,3836.49,3288.25,2345.45,1117.7,1136.48,8.67218,8.41665
2026,1993,23.2562,104.869,4893.49,4758.1,3737.33,3466.75,1254.85,1197.65,9.65946,9.2951
2027,2020,0.179963,1.12147,5365.31,5477.05,3697.17,3503.7,1242.75,1243.92,10.0737,10.1679
2028,1883,4.15996,45.8274,3639.5,4004.41,3336.77,3220.69,1084.08,1081.31,7.13913,8.21061
2030,2031,6.84863,142.609,4256.34,4461.3,3557.11,3068.38,1192.25,1167.62,8.83401,9.19668
2031,50001,0.145865,1.57609,5112.54,5080,3611.45,3570.44,1243.89,1229.96,9.02747,8.95009
2033,2020,5.13498,73.7745,3936.74,4700.68,3794.15,3559.63,1224.84,1184.92,10.0993,9.93862
2035,NULL,2.00451,170.119,2944.82,4397.2,3677.15,3298.17,1203.37,1134.96,8.14951,9.00249
2036,2003,6.22884,63.9938,3950.73,4363.18,3772.87,3235.69,1226.06,1206.77,9.18266,9.58102
2038,2053,0.879699,50.8641,2506.6,4710.56,3609.04,3790.51,1131.75,1078.32,7.38511,9.04865
2039,NULL,0.891495,74.679,3537.82,4239.51,3745.69,2850.64,1249.78,1190.33,10.6684,10.044
2040,2043,0.0417718,0.199163,4945.44,4993.26,3754.38,3850.34,1258.29,1250.03,9.61547,9.81192
2041,2038,2.38279,18.7697,5014.71,5106.85,3581.41,3219.07,1179.63,1152.47,10.4616,9.75893
2042,NULL,0.441745,3.97772,5171.05,4950.66,3756.48,3557.38,1275.2,1270.55,11.2768,11.3482
2043,50001,27.0621,180.412,5025.12,4819.49,3710.23,3645.42,1244.32,1182.33,9.66559,9.30009
2044,NULL,0.176456,2.71514,5055.58,4956.74,3701.58,3806.08,1242.9,1226.2,11.5124,11.593
2046,2033,0.27044,19.2984,4047.81,4833.04,3704.2,3748.78,1213.79,1221.56,9.898,10.0419
2047,50001,0.72411,40.3525,5376.91,4302.75,3039.39,3426.92,1029.85,1111.07,10.6365,9.02464
2048,2049,0.396514,11.6665,2500.16,4912.48,3221.5,2429.47,1128.65,1108.85,7.70634,9.87075
2049,2061,0.0365348,0.432877,2978.22,3155.48,3378.29,3400.78,1150.01,1133.45,7.24169,7.53529
2050,2058,0.297085,14.9469,5101.2,5229.24,3898.5,4195.03,1274.09,1264.53,9.62812,10.1484
2051,3057,0.386331,23.9889,4642.61,4541.55,3801.9,3614.54,1174.76,1152.7,10.3716,9.70831
2053,3073,6.30438,112.408,5012.94,4814.43,3701.35,3618.04,1210.32,1135.69,9.80516,8.86492
2054,2060,0.033687,8.82589,5348.92,4813.69,3676.66,3842.94,1193.13,1201.62,11.2425,11.5285
2055,2033,0.34522,42.6798,4002.72,4319.9,3691.68,3131.34,1219.71,1191.21,9.65489,9.8387
2056,2050,0.466272,18.6418,5398.58,5431.96,3704.74,4018.28,1138.95,1173.76,10.2552,10.2239
2057,3484,0.580227,24.1974,2267.6,3017.29,3368.77,2357.66,1132.29,1019.15,6.34888,6.97206
2058,3084,0.466549,3.68523,5465.16,5334.84,3841.77,3882.95,1258.62,1248.1,9.96982,9.94497
2059,2068,0.0456715,1.11051,5448.17,5393.28,3827.61,3890.01,1265.23,1258.45,10.1357,10.0079
2060,NULL,0.0336644,1.9329,4545.41,4692.24,3905.88,3918.04,1198.21,1190.72,8.68339,11.1891
2061,3116,4.84988,140.074,4061.15,4324.56,3677.95,3192.04,1219.66,1181.6,9.55423,9.39909
2062,2117,0.117914,30.5568,3769.05,4157.89,3712.9,2678.11,1253.62,1219.81,11.0378,9.48332
2063,2062,0.0441351,0.290975,4125.12,4164.09,3830.91,3906.47,1257.75,1255.77,10.3538,10.6097
2064,2117,0.240383,14.0653,4592.46,4591.73,3355.79,3359.26,1148.09,1078.42,9.77052,9.34132
2065,2058,0.0507247,6.26817,5103.91,4978.9,3904.43,4070.97,1237.62,1219.2,9.61129,9.56676
2066,2156,2.6359,103.258,3973.98,3995.33,3407.99,2853.13,1126.85,1077.88,8.35606,8.1474
2068,2102,0.630197,43.1724,5297.71,4882.54,3672.81,3873.58,1159.98,1148.58,10.4028,9.88531
2070,2055,0.0685218,0.750889,4496.96,4796.84,3926.38,4158.29,1230.9,1227.27,9.76361,9.7114
2071,3073,0.0585957,0.220952,5439.57,5350.99,3651.22,3422.64,1204.6,1171.29,10.4589,9.97637
2072,2075,0.232369,24.5804,3130.84,3726.35,3549.1,2366.06,1130.07,1115.33,6.39689,8.21708
2073,2074,0.149949,2.32747,5499.98,5374.53,3665.84,3911.6,1199.53,1208.74,10.4193,10.3206
2074,2102,0.194713,3.15848,5136.96,5240.18,3701.36,4057.67,1232.53,1217.95,9.37787,9.65766
2075,3054,0.135495,1.87274,3555.39,3479.53,3419.31,2975.81,1172.53,1129.86,7.61313,7.41587
2076,2055,0.197678,37.8173,3421.89,4269.01,3722.17,2944.83,1220.06,1186.67,8.35349,9.57743
2078,2102,0.70519,56.9374,4721.32,4065.03,3731.98,2967.29,1219.03,1141.79,9.2924,8.91406
2079,2086,0.871949,12.7179,5008.49,4534.94,3657.38,3473.83,1199.63,1146.67,8.55905,8.86425
2080,2084,0.53355,4.09451,5288.85,5296.58,3840.98,3559.87,1269.56,1262.08,8.60245,9.79685
2082,NULL,0.137251,1.54803,3146.7,3540.97,3630.22,3511.92,1223.9,1205.3,9.42488,8.9207
2083,2080,2.35584,17.4896,5086.7,5147.74,3912.94,4168.44,1286.71,1280.81,9.36207,9.99444
2084,2043,3.93491,72.3776,4892.94,4922.3,3798.01,3911.89,1223.8,1210.74,10.6721,9.95054
2085,2102,0.118049,0.654031,5093.39,5186.7,3792.55,3998.84,1204.97,1201.74,9.17562,9.82301
2086,2093,0.24389,5.46891,4704.59,4452.31,3625.48,3559.3,1224.63,1176.65,8.83424,8.61428
2088,3053,0.344965,50.3563,2666.55,3504.17,3369.22,2548,1117.16,1077.42,5.6358,7.01306
2089,NULL,0.453817,19.8664,5516.98,5372.87,3764.78,4143.12,1211.82,1219.92,11.3952,10.6884
2090,2117,0.109586,1.29337,4504.31,4494.64,3679.36,3598.17,1246.15,1215.12,8.78527,9.14802
2091,3115,0.180897,2.813,5618.01,5437.11,3906.89,3994.16,1274.4,1240.85,11.2932,11.5928
2092,2061,0.193364,61.7774,3353.19,4544.25,3706.5,3498.27,1196.94,1238.82,9.57491,9.9634
2093,2117,0.315716,38.4779,4337.91,4265.76,3716.09,2889.88,1235.87,1155.88,8.68915,8.56381
2094,2093,0.163259,0.726475,3863.23,3951.47,3629.8,3652.52,1219.75,1216.84,7.34854,7.39323
2096,50001,0.10315,2.95289,4867.37,5181.37,3703.42,3918.28,1252.43,1231.84,8.68771,9.72013
2097,2101,0.0713685,1.34487,2569.49,3554.23,3531.82,2213.13,1190.85,1135.01,6.57844,7.9146
2099,3183,2.04801,32.322,4149.39,4130.59,3578.58,2778.72,1235.52,1156.39,8.9764,8.5043
2100,2133,1.78826,27.278,5649.29,5309.97,3801.31,3789.62,1248.18,1244,10.9194,10.365
2101,2094,0.0312646,1.53539,2453.27,3669.78,3590.74,2690.81,1184.1,1121.62,7.60805,8.16231
2102,2156,3.0851,208.789,4998.94,4703.41,3691.16,3550.51,1201.95,1093.12,9.91381,8.90375
2103,2061,0.0425303,0.954211,4629.02,4868.04,4141.76,4161.34,1277.56,1290.31,10.4219,10.7994
2104,2093,0.0852133,0.801587,5078.61,4574.71,3798.6,3766.78,1242.51,1240.2,9.09773,9.00125
2106,2090,0.0173034,0.134106,4180.36,4215.19,3684.74,3906.85,1250.45,1229.99,9.57891,9.36037
2107,2092,0.507041,82.6228,3134.22,4102.92,3608.02,2671.32,1161.27,1180.12,8.14431,9.10895
2108,2096,0.131449,2.21854,5076.48,5072.34,3859.4,3714.96,1291.95,1283.03,9.55501,9.62728
2109,2084,0.0644156,1.74643,5712.31,5701.32,3777.19,3386.92,1326.35,1292.32,10.919,10.8656
2110,2109,2.06113,13.1155,5553.4,5250.91,3965.03,4212.86,1309.77,1288.8,10.7728,10.798
2114,NULL,0.0694196,7.20087,5646.65,4051.02,3911.95,3054.18,1327.26,1238.67,11.7456,9.8029
2116,3056,0.0922158,0.933109,4392.44,4172.83,3647.12,3520.08,1240.73,1247.69,8.54818,8.55242
2117,2140,14.4399,139.71,3654.06,4294.2,3555.59,3185,1153.68,1143.98,7.93983,8.96097
2118,2121,0.101835,12.6941,5501.53,5435.21,3994.68,4316.14,1291.73,1286.37,11.4917,10.7124
2119,2092,0.0785581,4.077,3569.05,3594.18,3568.34,3274.61,1251.81,1225.24,8.33884,9.54505
2120,2123,0.0447414,0.317965,4542.29,4170.18,3406.39,3747.07,1224.69,1229.18,9.55854,9.4891
2121,3116,0.169191,9.65501,5513.92,5329.83,3853.55,3952.01,1296.82,1290.21,12.4201,11.3212
2122,2061,0.051921,0.408955,4245.83,4283.53,3993.86,4026.83,1324.36,1322.57,12.0297,11.6663
2123,2127,0.0811272,0.755385,4494.6,3953.06,3650.26,3733.07,1216.48,1209.78,9.27651,9.38918
2124,3238,0.0722275,0.955595,5022.69,4887.66,3843.1,4007.7,1315.75,1314.11,12.1201,11.8481
2125,2127,0.127534,0.646892,4108.57,4320.72,3679.4,3473.39,1225.08,1243.06,9.33754,9.36986
2127,2117,1.39299,16.0486,4375.91,4022.23,3625.43,2961.28,1215.43,1193.7,8.78296,8.1342
2128,2127,2.19414,46.4491,3889.75,3718.02,3379.08,2364.44,1149.72,1134.27,9.35234,8.20973
2131,NULL,1.29813,40.6652,3614.95,4075.45,3797.93,2750.76,1218.77,1173.42,9.64306,9.08017
2132,2061,6.1886,30.651,5113.53,5168.83,3853.48,3974.04,1309.79,1283.11,11.5361,11.5005
2133,2134,4.66681,41.1224,5136.97,5111.39,3842.3,3793.22,1283.09,1226.35,10.7601,10.5285
2134,50001,22.0732,191.148,4614.57,4825.03,3676.88,3704.44,1202.72,1192.88,9.86425,9.80208
2138,2107,0.947625,20.8358,4124.57,4341.88,3721.8,3249.02,1253,1230.53,9.27891,9.63531
2140,NULL,0.478563,116.423,2637.24,3778.33,3500.3,2730.64,1168.3,1117.73,7.9374,8.38959
2141,2174,0.100968,9.93346,5257.59,5010.47,3896.88,3910.42,1297.16,1279.62,9.69747,10.1683
2142,2131,0.947551,6.45798,4187.19,4178.44,3762.32,3765.15,1220.26,1196.17,9.97449,9.78746
2143,2092,0.896061,9.6305,5444.02,5276.75,3836.98,3904.73,1306.91,1302.53,10.8776,10.9516
2144,NULL,0.24738,72.1502,5043.76,4913.97,3607.13,3431.55,1166.76,1196.05,10.0108,9.83819
2145,2155,0.144458,1.23706,5076.79,5151.99,4016.22,4201.92,1307.78,1284.49,10.4795,10.5297
2146,2131,0.809069,28.29,3761.91,4319,3527.79,2720.67,1205.26,1194.37,8.71134,9.48536
2147,3487,1.47992,438.005,4419.63,3998.56,3281.31,2813.66,1108.82,1093.41,7.39605,8.13041
2148,3081,0.710677,17.3678,4534.02,5219.12,3887.49,3996.02,1287.91,1253.2,10.2212,10.334
2149,2131,0.412929,44.7896,3602.14,4105.99,3679.91,3170.06,1193.41,1170.47,8.37909,9.30198
2150,50001,0.115802,188.8,5328.38,4823.97,3870.86,3693.81,1226.72,1255.32,10.5184,10.5064
2151,2174,0.353381,6.70843,4934.39,5242.82,3796.75,3959,1256.41,1258.62,11.2697,10.8394
2152,2132,0.427371,10.709,5237.75,5521.03,3881.54,4288.96,1274.25,1249.68,11.3283,11.1386
2153,3237,0.426622,4.81067,5031.8,5165.79,3873.11,3894.93,1309.95,1311.84,11.1507,11.0375
2154,NULL,0.121908,45.3333,4552.62,4901.92,3390.7,3479.61,1133.91,1150.27,8.77545,9.95771
2155,2177,1.34012,21.101,5520.15,5250.39,3886.16,3702.35,1297.14,1261.22,9.96313,10.2036
2156,NULL,19.3107,902.263,3552.12,4099.39,3658.33,3053.4,1143.56,1072.95,9.8727,8.70925
2157,2167,0.72096,31.4282,4430.09,4724.68,3822.56,3107.75,1223.66,1224.82,10.4429,9.80138
2158,NULL,0.552465,12.832,4264.21,4404.8,3375.37,3134.97,1134.8,1112.62,9.65427,9.63622
2159,2133,0.707244,4.19814,4938.23,4649.82,3827.97,3590.54,1313.06,1289.02,10.0246,10.4551
2160,2162,0.123146,11.4768,5329.35,5483.7,3867.04,4266.98,1257.82,1238.17,11.3235,10.799
2161,2168,0.0584983,1.18266,5251.9,5068.88,3546.64,3438.05,1286.87,1292.11,11.0536,10.8702
2162,2132,6.93208,105.604,4999.12,5049.43,3817.37,3878.66,1278.24,1250.86,11.2941,10.407
2163,2143,0.0472538,5.78804,4949.89,4420.29,3748.23,3556.38,1276.13,1251.89,10.5412,10.0385
2164,2217,2.32634,32.4037,4638.16,4877.14,3718.61,3800.77,1188.76,1247.19,10.9642,10.1882
2165,2134,6.462,24.7196,5231.96,5139.03,3759.27,3586.73,1279.58,1247.87,10.3841,10.0826
2166,2170,0.0346988,1.12942,5268.96,5413.48,4019.84,3755.79,1288.41,1284.15,9.89202,10.3027
2167,2204,0.358737,14.9443,4613.44,4324.13,3613.63,3255.25,1222.66,1183.97,9.5143,8.45765
2168,2133,8.02159,150.684,5072.89,4726.44,3831.79,3545.73,1290.81,1215.37,10.6366,9.92252
2169,2168,0.0867369,0.428516,5327.31,5220.35,3767.46,3719.97,1304.23,1285.59,9.27698,9.1926
2170,2165,0.412059,2.62066,5059.79,4769.43,3814.06,3773.39,1299.63,1271.65,10.0082,9.84645
2171,NULL,0.0444536,0.640207,5408.85,5307.15,3952.52,4117.52,1303.09,1335.05,10.7348,10.4848
2173,2165,0.203344,8.25328,5088.71,5132.65,3836.43,2982.62,1276.1,1250.17,10.1209,9.92603
2174,3431,5.04921,93.2608,4449.59,4994.34,3738.57,3886.11,1217.8,1228.2,10.4314,10.445
2175,2217,3.06828,47.2683,3950.63,4674.92,3810.9,3576.62,1253.06,1243.08,9.9492,10.2572
2177,2168,18.8966,145.855,4852.04,5069.82,3832.61,3826.2,1270.03,1224.96,10.0123,9.81723
2178,2174,0.0498688,0.571363,4040.09,4153.72,3715.64,3277.08,1209.31,1181.01,10.1437,10.0695
2179,3431,0.058533,0.687752,4183.98,4303.17,3638.59,3686.09,1191.84,1172.39,10.5755,10.549
2182,3082,0.260309,5.04316,4417.78,4979.58,3808.55,4182.85,1198.86,1142.35,10.3231,10.3799
2183,2191,0.926156,11.2683,3789.52,4960.76,3621.97,2837.64,1207.25,1186.18,9.31604,9.92431
2186,3039,0.50956,21.1109,3715.65,4594.01,3330.44,2448.85,1155.3,1170.05,7.96481,9.30158
2189,2209,2.2203,25.6765,4390.53,4303.8,3533.97,3239.81,1180.36,1201.42,9.55879,9.31995
2190,2217,0.686793,7.70655,5155.53,4923.21,3748.19,3519.54,1248.1,1255.62,10.2087,10.3644
2191,2248,10.7652,187.72,4417.22,4776.47,3734.31,3636.57,1242.62,1222.21,10.1509,10.1
2192,2195,0.145758,23.5133,4628.39,4423.88,3773.13,3241.12,1201.34,1213.28,8.79223,8.81059
2194,2192,0.225252,8.03636,4684.76,3978.31,3700.47,3089.23,1230.83,1236.47,8.23479,8.02094
2195,2202,0.0819747,4.98302,4510.93,4804.28,3660.07,3693.66,1170.36,1188.48,8.98992,9.37108
2196,2199,2.81324,97.3677,4476.42,4272.66,3693.77,2934.22,1223.2,1200.8,8.747,9.4251
2197,2198,0.653272,22.5858,4725.46,4830.89,3429.81,3188.16,1174.3,1217.77,9.98923,9.71243
2198,NULL,2.19483,17.2833,3736.75,4089.67,3585.56,3394.22,1218.8,1182.82,8.01999,8.50654
2199,2197,0.196022,13.0107,5038.55,4837.99,3583.45,2971.44,1215.14,1202.41,9.69839,9.52614
2201,2248,0.440497,40.3316,3476.51,4541.41,3618.84,3219.43,1218.26,1185.19,9.58445,10.0376
2202,3037,1.93596,19.0636,4341.68,4623.87,3804.07,3942.44,1155.68,1121.96,9.59495,9.80827
2203,2199,0.0531248,4.08604,3792.63,4218.02,3576.26,3137.4,1189.17,1155.62,9.20103,9.56289
2204,2209,0.593582,90.2119,3890.5,4412.59,3503.92,3138,1171.52,1177.38,8.63687,8.98742
2205,2204,0.167289,126.509,4051.61,4216.72,3519.51,2929.75,1165.54,1146.55,8.32488,8.45582
2206,2239,0.899376,5.88575,5049.87,5232.84,3851.93,3814.43,1289.14,1289.14,9.15055,9.44683
2207,2215,1.10504,32.4398,4212.5,4579.38,3746.52,3331.23,1264.66,1259.04,10.2135,9.86384
2208,2248,0.300897,78.6714,5139.18,5154.38,3799.11,4013.01,1279.06,1243.34,10.2442,10.1472
2209,2217,0.276854,37.8591,4426.64,4413.36,3353.54,3328.84,1117.35,1157.25,8.1547,8.84376
2210,NULL,0.243587,144.007,3405.48,3713.45,2995.98,2410.33,1058.77,1059.26,5.59551,7.59797
2213,2214,7.35413,110.546,4103.3,4465.84,3626.5,3136.22,1205.74,1212.93,8.3872,9.38854
2214,3040,0.261217,9.58709,4785.51,4924.66,3640.04,3839.57,1203.38,1164.6,9.36791,9.40749
2215,2246,0.351284,11.3114,4165.83,4835.81,3851.47,4138.91,1253.22,1204.25,9.66071,10.2718
2217,2237,6.4506,202.461,3375.38,4697.41,3521.92,3594.14,1143.67,1151.58,7.57309,9.4751
2219,2253,0.705895,15.7358,4493.3,4838.37,3819.69,3796.67,1269.74,1236.39,10.0536,10.4291
2220,3038,0.116847,3.21544,4852.14,4923.48,3756.25,3563,1264.55,1271.44,10.1379,9.96594
2223,2234,1.46457,36.698,5206.01,5314.46,3889.5,4138.27,1306.53,1255.76,10.7956,10.7835
2224,2226,0.459783,6.89458,3897.41,4213.79,3738.34,3505.08,1315.03,1301.03,9.30881,9.96897
2225,2224,0.471249,8.34231,4605.52,4870.33,3792.16,3627.29,1315.73,1286.69,10.2151,10.5439
2226,3179,0.0654031,1.77247,4947.54,4848.89,3604.76,3565.42,1312.74,1307.08,9.78403,10.0588
2227,2243,0.2094,37.2422,3752.97,3519.37,3385.49,2484,1118.02,1118.19,8.83263,7.78314
2232,3042,0.179035,6.02954,5028.51,4575.7,3760.92,3252.07,1275.24,1279.74,9.40041,9.39719
2234,2250,0.0374247,0.32444,5434.99,5519.51,3814.02,3687.37,1315.59,1307.72,11.6834,11.634
2236,2226,0.0148119,4.04445,5382.6,4968.8,3802.41,3832.31,1266.54,1275.65,10.7475,10.5989
2237,NULL,0.281197,3.13262,2612.58,3767.89,3547.46,2986.5,1127.26,1071.12,6.44529,8.50723
2238,2248,2.56774,55.5655,5273.87,5240.1,3798.73,3912.9,1306.67,1280.11,10.9724,10.7621
2239,2225,0.502165,48.7706,4187.45,5041.8,3799.73,3508.56,1315.5,1329.52,10.6197,10.9029
2241,2236,0.061728,3.85352,5193.69,5050.25,3738.85,3566.96,1288.14,1252.82,10.8332,10.4871
2242,2262,0.370362,2.49637,5216.18,5298.27,3817.89,3829.44,1296.14,1289.55,11.4068,11.2857
2243,NULL,0.93842,113.199,3457.17,4207.32,3493.34,2929.35,1142.93,1125.6,7.37326,8.68491
2244,3494,0.176892,3.75192,5555.79,5288.99,3661.92,3808.26,1241.16,1257.28,9.77752,10.0081
2245,2253,2.17559,11.0292,4127.39,4373.81,3744.91,3752.61,1276.19,1247.53,9.29677,9.90401
2246,2244,0.243831,16.7565,5012,5077.49,3794.5,4045.5,1245.8,1220.25,10.7385,10.7701
2247,2245,0.194412,2.5802,3777.82,4271.79,3721.05,3184.76,1249.49,1241.87,10.7442,10.5782
2248,3960,5.18096,331.043,3658.72,4821.4,3648.34,3599.38,1172.1,1211.56,10.9758,10.1185
2249,2259,0.303742,43.9852,5572.96,5318.32,3915.54,4123.63,1217.19,1253.64,10.2196,10.2643
2250,2238,0.289755,7.52003,5238.11,5330.54,3862.23,4027.85,1297.08,1292.42,10.6797,11.0106
2251,3494,0.0661104,2.5654,5012.71,5075.51,3589.92,4025.75,1204.28,1233.35,10.6982,10.4695
2253,2266,2.00655,41.7746,4512.28,4921.2,3680.06,3688.18,1234.77,1222.53,9.83308,10.2186
2255,2265,0.742736,31.1554,5678.81,5306.55,3803.24,4043.96,1258.41,1272.99,10.5003,10.2588
2256,2262,0.614883,15.1645,5665,5192.33,3757.69,4014.79,1222.06,1201.76,10.8515,10.2621
2258,NULL,0.134772,3.04689,5358.05,5365.38,3685.63,3539.42,1226.12,1224.01,10.5442,10.5256
2259,3043,2.32665,45.5904,4613.36,5084.44,3757.68,4047.62,1231.48,1212.11,10.4275,10.4078
2260,NULL,2.33685,198.264,5131.01,4634.56,3807.54,3480.78,1259.42,1207.52,10.3306,9.79854
2261,2266,26.5821,189.271,4630.87,4145.57,3670.49,2833.25,1233.13,1169.15,8.81384,8.78694
2262,2268,19.0484,171.202,4460.27,4950.76,3641.46,3793.46,1210.72,1191.63,8.92633,9.76511
2265,2260,5.4249,95.3504,4838.56,4980.99,3688.28,3810.72,1206.61,1208.99,9.33856,9.51695
2266,2275,8.96966,46.9879,4728.1,4733.19,3707.84,3653.51,1240.17,1190.57,9.90784,9.9897
2267,2274,1.2611,47.3058,3259.19,4779.29,3798.59,3529.74,1236.69,1218.72,10.3325,10.3199
2268,3959,1.61054,32.841,4549.99,4505.51,3572.13,3789.99,1195.08,1190.77,8.59733,8.94872
2269,2267,0.0632975,2.18737,3543.78,4383.23,3859.65,4067.75,1280.62,1220.76,8.15722,10.0351
2270,NULL,0.863784,92.716,4579.69,4253.54,3502.12,2885.68,1207.47,1139.24,8.04895,9.0885
2272,NULL,0.303304,135.778,2785.5,4554.46,3356.63,3418.56,1075.6,1141.39,7.64715,9.28533
2274,2275,0.695411,42.0542,4568.01,5021.98,3581.91,3889.29,1136.81,1141.62,8.64797,10.0318
2275,2277,0.832354,168.391,3620.16,3874.31,3554.2,2628.68,1143.76,1090.45,8.76862,8.38353
2277,3044,1.75219,132.791,4078.51,4747.57,3528.95,3700.46,1147.77,1176.99,8.76402,9.67754
2278,NULL,1.64376,117.351,3759.41,4376.28,3715.12,3095.28,1217.02,1184.58,9.93217,10.1586
2279,NULL,0.483978,10.4674,5401.62,5187.66,3819.32,4120.72,1211.05,1191.66,9.72649,10.0371
228,138,0.138109,4.44152,4688.03,5372.35,3823.31,4096.56,1308.18,1253.57,11.4644,11.1809
2280,NULL,0.55981,32.7318,5104.97,5340.81,3766.94,4240.61,1179.15,1195.84,9.32988,10.5973
2282,NULL,0.0162018,1.64386,5324.27,5391.88,3629.47,3959.69,1191.37,1157.66,9.06256,10.4093
2284,NULL,0.192995,2.80265,4981.46,5167.32,3655.4,4067.39,1191.21,1177.45,10.002,10.1064
229,NULL,0.297311,3.09743,5484.31,5531.43,3809.28,3845.19,1319.07,1310.49,11.3506,11.277
2293,2297,0.207398,14.3723,4821.63,4724.56,3624.95,3865.97,1122.96,1142.96,9.16241,9.09977
2294,NULL,0.0447487,12.4845,4560.85,4962.33,3655.8,3650.12,1184.15,1160.48,8.25985,9.33712
2295,2294,0.0534019,1.12492,5219,4908.37,3639.24,3733.53,1177.18,1165.71,9.05978,9.18651
2297,2294,1.7583,63.3712,4539.71,4421.94,3560.85,3317.74,1178.01,1155.09,8.28827,8.87106
2300,2297,0.020241,0.153798,5315.65,5278.47,3764.55,3794.33,1228.76,1215.57,9.02628,9.03415
2301,2297,0.431914,3.73455,4891.4,4900.26,3734.08,3728.55,1223.25,1206.12,8.99652,9.17459
2302,2297,0.101762,12.5641,5110.95,4741.23,3673.23,3644.17,1215.87,1189.56,9.46767,9.221
2305,2301,0.932513,25.5045,5309.06,5049.39,3736.22,3662.38,1221.27,1186.76,9.30604,9.36383
2309,2310,0.200598,11.3368,5146.41,5398.08,3794.26,4231.81,1239.43,1225.68,9.31442,9.90291
2310,3171,0.141398,20.5001,4879.06,4899.48,3673.39,3930.84,1180.68,1168.86,9.15762,9.55513
2311,NULL,10.8369,107.423,4356.23,4426.89,3457.09,3312.7,1144.24,1117.86,7.76891,8.63166
2312,3119,2.94077,44.8705,5108.04,4719.98,3663.55,3621.23,1179.98,1168.49,9.00939,9.3204
2313,2312,0.690006,15.7928,5347.41,5372.39,3866.52,4192.85,1247.48,1232.63,9.2943,10.217
2314,2316,0.0909622,3.60421,5102.04,4476.73,3944,4183.73,1251.76,1240.2,10.9265,9.72149
2315,2316,2.78874,13.9964,5279.73,5182.87,3810.13,3801.5,1276.28,1238.69,10.0192,10.3624
2316,3117,2.32556,28.0474,5478.96,4286.1,3769.35,3496.18,1214.35,1180.46,10.4413,9.53853
2318,2326,0.089638,8.29225,3835.48,4154.44,3709.77,4399.6,1225.31,1177.31,7.73802,8.65182
2319,2311,0.849313,7.59181,5399.57,4841.89,3825.76,4060.76,1256.17,1232.21,10.2732,10.1442
2320,2316,0.162903,11.4313,3570.6,4512.21,3613.67,2583.56,1232.21,1183.21,8.77736,10.164
2321,2316,0.108494,1.68539,5047.45,4809.59,3444.61,2970.4,1216.23,1196.92,9.75067,9.19913
2323,2319,0.311405,9.61687,5439.33,5322.53,3860.52,4302.99,1293.18,1286.51,10.5398,10.82
2324,2325,0.219309,1.20269,5304.17,5104.01,3864.85,3670.38,1297.04,1288.64,9.42549,9.58838
2325,2315,3.69539,39.5666,4832.96,4842.39,3835.62,3740.62,1267.78,1229.79,10.6722,10.1446
2326,2327,11.6838,79.7742,3996.98,4477.14,3734.45,2962.29,1255.94,1211.67,8.73855,9.64808
2327,2330,0.0325984,0.561673,5050.43,5040.15,4050.05,4166.56,1257.24,1239.97,9.61973,9.61101
2328,2334,2.29909,36.7022,3682.62,4662.6,3286.26,2827.42,1111.72,1158.51,9.13844,9.46218
2329,2334,0.0352813,0.253659,3383.52,2919.67,3554.34,3363,1200.82,1188.52,7.60565,7.46447
2330,2336,0.43424,1.23419,5035.67,5041.89,3714.13,3818.99,1253.39,1234.85,9.49742,9.54872
2332,2323,0.432804,25.6872,5627.37,5221.58,3753.57,3988.98,1231.77,1211.13,10.6248,10.2217
2333,2330,0.0483199,0.152167,4998.72,4994.24,3711.25,3350.26,1246.05,1242.36,9.25379,9.24076
2334,3126,1.02314,16.3068,4390.4,3981.89,3442.61,2839.87,1183.42,1164.35,7.91418,8.54943
2336,2338,0.350093,3.08737,4459.02,3933.85,3556.36,3365.99,1247.68,1194.14,9.063,9.03551
2337,2348,4.61419,103.865,4214.85,4689.68,3641.66,3701.32,1175.46,1171.79,9.4156,9.58185
2338,2328,0.0704274,0.798753,4969.47,4805.02,3660.87,2822.91,1265.76,1206.31,9.36286,9.19188
2344,2355,0.378949,19.779,5165.82,5312.72,3848.88,4315.53,1283.73,1285.76,9.86728,10.586
2346,2353,0.320611,15.0977,2743.38,3498.63,3153.3,1793.18,1110.16,1078.8,9.32916,8.92015
2349,2345,0.0405213,0.454856,3616.71,4277.64,4053.99,4142.86,1285.49,1290.94,10.3781,10.3068
2352,3319,0.169004,9.78408,2755.68,4538.1,3201.35,2213.03,1090.84,1178.76,9.365,10.573
2353,NULL,1.90881,17.8473,4125.59,3506.1,3710.15,3073.44,1185.59,1163.05,9.76162,8.20786
2354,2356,1.25489,11.4359,5353.55,5481.8,3513.33,3050.01,1185.38,1218.76,10.9589,10.9807
2355,NULL,2.048,68.6074,3525.52,4347.32,3528.13,3130.51,1180.69,1196.35,8.37337,9.92073
2356,3948,0.0837857,0.768936,5650.7,4963.99,3782.65,3125.96,1228.94,1196.32,10.9799,10.2052
2358,3003,0.194413,20.1177,4874.23,5049.29,3548.13,3735.24,1177.95,1222.15,9.14913,10.08
2359,2361,0.189214,2.62734,5081.17,4571.23,3884.26,4077.43,1209.43,1208.75,10.1334,9.69767
2360,NULL,1.77937,29.3454,5001.03,4961.15,3673.7,3877.09,1207.47,1189.29,9.64396,9.54847
2361,2362,0.182688,20.1288,5195.91,5192.8,3912.22,4016.62,1215.66,1231.74,10.1763,10.1423
2362,2358,1.98096,13.5114,5162.61,5142.1,3717.4,3590.17,1258.77,1231.69,9.12527,9.68938
2364,3314,0.0375524,0.234334,4816.14,4886.35,3471.01,3926.25,1250.85,1273.37,9.07621,9.45025
2365,NULL,0.281153,4.01033,3725.07,4131.67,3655.96,3563.5,1146.8,1150.79,9.87158,9.72665
2366,2371,0.0489887,4.7288,3932.58,3982.17,3677.69,2495.39,1269.75,1245.77,10.6338,10.1287
2367,NULL,0.176102,5.68448,5500.96,5223.37,3382.79,3279.02,1058.47,1127.7,10.8355,10.0407
2369,3951,0.168198,30.6288,5312.85,5314.03,3831.8,4211.45,1204.35,1237.8,11.0463,10.3563
2371,NULL,1.59387,58.9596,4278.63,4209.42,3720.17,2851.95,1221.74,1220.38,9.41763,9.6311
2373,NULL,0.788636,33.5018,4404.12,4942.55,3658.19,3602.91,1124.12,1089.47,8.42984,9.18921
2374,NULL,0.624499,5.81356,5182.87,5144.2,3634.9,3860.53,1130.99,1092.94,9.99736,10.0994
2375,2373,1.18292,23.6833,3851.94,4451.09,3573.6,3825.24,1081.58,1101.07,9.11071,9.12643
2379,2380,0.00625585,0.0410962,4941.47,4951.03,3412.09,3357.29,1254.12,1243.97,9.72173,9.66568
2380,NULL,17.951,47.1965,4533.64,4616.98,3664.06,3650.19,1223.83,1176.43,9.04375,9.40657
2384,2386,0.033632,2.97536,5101.04,5084.05,3819.09,4187.3,1161.45,1160.67,9.57888,9.51618
2385,2388,0.0152367,0.173576,4920.87,4913.55,3871.45,3763.64,1203.58,1194.52,9.63318,9.6299
2386,2385,0.018218,0.108965,4909.56,5038.87,3849.73,3900.05,1202.41,1187.63,9.60629,9.59619
2387,2380,0.349795,5.38184,4952.55,4964.23,3688.54,3473.29,1197.61,1171.7,9.64332,9.53288
2388,2387,0.0540415,0.630725,4939.48,4952.51,3924.09,3916.43,1201.53,1201.39,9.60824,9.56264
2390,2389,0.0370579,2.0292,5050.66,5132.33,4024.99,3966.33,1190.77,1170.74,9.68056,9.61145
2392,2387,0.00246809,0.106031,4939.61,4932.57,3890.27,3728.47,1211.26,1198.28,9.48459,9.41853
2393,2380,0.0184915,0.208317,5480.72,5374.48,3359.73,3450.22,1252.88,1261.66,9.93681,9.95776
2394,2389,0.0583604,19.1111,4927.65,5279.61,3959.89,4065.67,1210.32,1175.95,9.37996,9.68238
2396,2380,0.039726,0.185558,5407.49,5361.53,3821.91,3182.2,1238.52,1198.25,9.40067,9.4671
2397,2394,0.0485764,2.8931,4438.99,4830.79,3831.92,3943.23,1181.84,1170.02,9.47671,9.28254
2398,2387,0.0590831,1.44689,5026.91,4617.98,3782.16,3671.75,1202.64,1163.18,9.35741,9.24426
2400,3420,0.00624638,0.0525368,5314.61,5314.75,4091.1,4179.64,1258.79,1251.76,9.72428,9.58362
2403,2380,0.0126795,2.36994,5092.62,5077.18,3665.13,3696.46,1206.96,1156.57,10.6235,9.99669
2407,2409,0.0590574,0.728884,3253.56,3682.48,3881.68,3904.14,1210.45,1177.34,8.33727,8.66725
2408,2417,0.658739,8.72553,2796.68,4176.37,3594.68,3035.52,1116.74,1112.46,8.35333,8.74518
2410,2411,0.114084,8.99263,4319.42,5145.8,3690.97,3949.91,1173.28,1176.83,8.70652,10.0814
2411,2407,0.0276947,0.306232,4072.44,3760.43,3839.8,3609.19,1203.68,1172.36,8.87048,8.75701
2416,NULL,0.622152,10.1789,4181.68,4823.88,3516,3599.22,1138.05,1091.69,9.74851,9.5074
2417,2416,4.31477,177.259,4498.03,4424.4,3289.31,3343.53,1110.04,1122.52,8.05453,8.80771
2422,NULL,0.0522753,3.12455,4976.25,4790.18,3669.98,3697.19,1250.45,1207.3,10.6771,10.5861
2426,NULL,0.0175094,1.18722,3726.35,4432.03,3835.98,3921.53,1275.95,1266.02,10.6568,10.7915
2427,2425,0.398906,17.0716,5240.32,5330.74,3750.5,4159.51,1237.11,1223.89,11.0954,10.664
2431,NULL,2.41248,82.6673,5063.96,4963.92,3631.33,3804.63,1191.28,1186.41,9.56648,9.67912
2432,2431,0.00501201,0.0830355,4697.67,4696.26,3331.31,3307.27,1174.62,1177.67,8.99774,8.94709
2433,2431,0.0149763,0.0945827,4928.37,4944.58,3780.62,3757.6,1223.69,1230.02,9.27733,9.24758
2435,3296,2.50863,23.8469,5027.55,5178.3,3683.31,3140.78,1160.9,1118.78,9.80573,10.0107
2437,2435,0.775815,107.345,4783.95,4904.7,3730.59,3886.11,1145.8,1199.19,9.4574,9.87497
2442,2437,6.24331,73.8999,4950.33,4798.23,3663.46,3587.07,1217.33,1181.13,9.1951,9.11139
2448,3176,0.101066,5.94707,4764.35,5140.51,3914.83,4215.57,1227.11,1222.67,9.22118,9.41459
2449,NULL,0.438226,41.3208,5202.45,4910.97,3608.94,3417,1211.6,1174.26,8.98247,9.65656
2450,2451,0.650852,29.4522,5533.66,5230.83,3678.22,4070.73,1168.95,1226.59,10.6268,9.87487
2451,3139,0.266415,4.9035,5400.17,5328.11,3883.28,3815.54,1208.02,1211.18,9.95614,9.96276
2457,NULL,0.319061,20.3797,5548.31,5236.43,3801.95,3958.11,1237.88,1231.62,11.097,10.4333
2461,2472,0.0401519,0.884849,3452.77,3350.16,3554.58,4101.34,1181.84,1187.39,8.49111,8.52785
2466,2467,0.0165339,0.137822,3872.75,3704.62,3709.55,3583.69,1231.84,1218.89,8.58523,8.45152
2467,3175,0.0132048,0.0450241,4130.24,4027.38,3831.76,3957.17,1248.72,1251.4,8.76453,8.67323
2468,NULL,1.5825,32.1104,3563.72,4874.88,3687.79,4086.1,1175.45,1181.39,8.52978,9.99587
2471,3175,0.190635,14.1833,5282.72,5240.47,3789.34,4254.65,1224.78,1219.45,9.96475,10.3059
2472,2479,0.222539,35.8072,4333.82,4748.67,3757.33,3631.03,1221.42,1174.51,9.76017,9.92055
2477,3175,0.0200404,1.07975,5281.27,5553.23,3911.34,4370.69,1275.44,1257.81,9.85256,10.4252
2479,NULL,3.93718,29.6495,4096.16,4732.2,3678.18,3465.82,1221.8,1183.61,10.1662,10.1309
2480,2484,56.053,438.631,4588.86,4665.47,3683.12,3471.24,1230.64,1188.3,9.80252,9.80227
2481,NULL,0.161217,10.246,4007.5,3865.41,3734.07,2938.85,1224.46,1213.87,10.5229,10.917
2484,NULL,0.444176,21.4119,5132.4,4928.31,3666.63,3532.15,1141.04,1159.82,9.97908,10.4318
2491,NULL,1.13118,25.4027,5328.96,4662.34,3635.72,3641.36,1188.89,1189.55,10.2753,9.67037
2494,2498,0.0110382,0.40914,5493.92,5045.79,3656.01,3838.82,1247.53,1193.98,10.7565,10.4723
2496,2495,0.00820129,0.0806149,5054.04,4912.54,4029.38,3827.8,1334.35,1338.46,10.3799,10.3877
2497,2513,0.0171175,5.16372,4434.53,5068.84,3944.39,3865.12,1264.44,1255.55,10.1464,10.4776
2498,XX291,0.0593497,0.785758,5539.27,5487.14,3499.49,3095.8,1247.91,1239.69,10.8453,10.5396
2503,3945,1.76026,131.112,4829.73,4975.19,3708.65,3757.07,1230.86,1234.86,9.65326,10.0914
2509,2537,0.0446331,1.06814,4268.96,4343.77,3585.76,3505.95,1194.71,1174.37,7.71039,8.58655
2513,2518,5.569,88.9856,4396.85,4727.08,3557.42,3548.26,1196.56,1200.65,8.51695,9.58529
2518,3225,0.0521726,1.11796,4547.21,4024.92,3490.74,3327.42,1216.79,1202.05,8.05445,7.87263
2524,2513,0.0213832,8.13748,5140.94,4729.55,3812.46,3822.94,1176.87,1178.68,9.13684,8.97336
2526,2513,0.0149118,0.203973,4524.76,4739.85,3954.56,3575.04,1205.1,1217.4,8.45766,8.84809
2531,2526,0.0402212,0.419079,4801.98,4864.45,3795.57,3576.26,1223.84,1220.15,8.98856,9.38349
2537,2676,12.0577,44.3019,4020.89,4380.91,3597.49,3296.78,1206.46,1157.66,9.02411,9.31339
2540,2537,0.0359545,2.67818,2592.79,4768.74,3532.76,2551.87,1200.95,1138.68,7.61187,9.94045
2544,2553,0.255421,5.35912,4822.29,4837.16,3585.72,3578.15,1216.69,1183.84,9.26368,9.03805
2546,2513,2.0903,67.2783,4955.98,5147.01,3724.66,4037.33,1242.42,1231.14,9.86876,10.3551
2550,2546,0.0176887,8.58506,4882.99,5373.28,3951.38,4385.45,1227.01,1222.61,10.151,10.2412
2553,2537,0.0324707,1.00434,4872.8,4856.16,3637.05,3766.96,1211.29,1187.31,9.48903,9.31206
2554,2676,0.0305112,0.242873,3127.51,4481.4,3300.55,2996,1199.09,1196.43,9.86743,10.3274
2557,2546,0.0135328,1.29125,4987.06,4762.97,3979.56,3659.15,1222.36,1244.47,10.2261,10.1389
2560,2537,0.0211057,0.763211,4878.05,4876.48,3828.23,3646.58,1198.85,1154.76,9.49738,9.43789
2563,2546,0.0187238,1.46803,4966.85,4987.46,3903.21,4081.78,1231.79,1236.51,10.0234,9.71169
2567,2546,0.00753251,1.1966,4779.8,4886.92,3967.16,3734.81,1234,1258.95,9.54001,9.95166
2569,2572,0.0275759,0.185712,5248.47,4999.73,3149.42,3348.22,1168.38,1185.26,9.93313,9.84623
2572,3216,0.260063,7.14565,4406.95,4783.82,3446.39,3760.04,1163.98,1180.13,9.53127,9.67432
2577,3216,0.0241038,0.10947,3821.24,4091.25,3729.89,3567.31,1188.57,1183.15,9.56397,9.53244
2580,2676,0.0358106,0.358751,4757.26,4600.24,3831.33,3879.12,1181.13,1176.53,9.63725,9.42327
2595,2627,0.0408205,0.893729,4758.24,4592.64,3880.55,4019.86,1298.2,1297.06,10.1094,10.5153
2602,2623,0.0203558,0.128355,4490.43,4515.84,3693.42,3789.32,1309.5,1317.1,9.22695,8.87273
2604,2600,0.00556518,0.409848,5402.3,4893.56,3780.87,3636.92,1265.74,1234.34,11.7345,10.0997
2608,2609,0.0713871,1.73269,4064.61,4751.31,3613.83,3343.79,1254.95,1201.38,10.8731,10.0679
2609,2622,0.0861615,0.463845,4380.29,4624.29,3908.82,3896.58,1206.96,1231.48,10.2075,10.5318
2613,NULL,0.130126,4.63332,5213.58,5205.51,3684.49,3848.62,1194.45,1213.14,9.73003,10.1861
2617,2620,0.00546747,0.0806851,5258.92,4771.8,3998.48,3875.86,1317.69,1310.85,10.1151,10.3623
2622,3107,2.91166,11.3977,4834.58,4662.47,3697.9,3549.41,1250.81,1209.47,10.5531,10.0573
2623,XX446,0.0254031,4.47994,5481.37,5218.92,3294.26,3271.25,1250.73,1256.08,11.5928,10.3542
2627,2646,1.14356,17.244,5117.41,5036.8,3761.78,3887.11,1278.11,1271.21,9.64534,10.4065
2631,2635,0.0182925,0.327893,4745.92,5156.24,4028.6,4078.72,1240.2,1263.84,9.53725,9.61882
2640,2642,0.0073356,1.53935,5000.89,4761.99,3828.95,4052.75,1217.16,1220.05,10.3273,9.41814
2642,2645,0.109236,3.89228,4991.56,4897.88,3526.08,3571.26,1212.63,1200.18,10.4209,10.0725
2646,2636,0.0352326,0.547817,4823.73,4598.31,4095.79,4040.08,1259.92,1263.93,9.89981,9.57618
2654,NULL,0.371048,18.5535,3406.11,3801.88,3656.32,2017.34,1178.37,1164.62,8.21691,8.93281
2655,2665,0.126212,0.858894,4004.67,4312.54,3802.05,4070.81,1247.68,1223.07,10.7337,10.1193
2660,3223,0.00841764,0.204258,5056.67,5169.89,3811.3,3987.36,1288.3,1286.98,10.2543,10.2855
2665,3108,0.0157134,0.317023,4458.42,4523.87,3896.03,3614.47,1236.83,1250.02,10.2761,10.7272
2667,2660,0.0734014,14.5413,4976.74,5421.8,3812.22,4264.54,1285.87,1304.88,10.7515,10.9427
2671,NULL,0.299928,12.8172,5441.86,5218.6,3642.58,4032.75,1185.11,1241.88,9.62261,9.67391
2672,2668,0.1373,4.41914,5264,5001.17,3754.78,3766.39,1283.62,1266.19,10.3761,10.1879
2673,NULL,0.79674,38.6717,2493.66,4001.85,3621.1,2610.85,1126.7,1150.35,8.42566,10.0146
2676,NULL,7.91777,100.331,3468.84,4290.23,3584.53,3079.64,1160.62,1121.36,8.65331,9.37383
2679,2650,0.0107975,0.213607,5329.03,5459.01,4065.62,4138.71,1304.56,1261.1,10.5131,10.6644
2691,2676,0.00958987,0.0583507,4795.98,4800.05,3537.18,3665.97,1165.65,1154.87,9.64883,9.66227
2692,2676,0.00513704,0.099263,4783.29,4766.19,3319.56,3076.1,1104.34,1029.87,9.57796,9.55507
2702,NULL,0.091282,0.928059,4166.7,4543.39,3470.58,3466.89,1126.18,1100.38,9.43528,9.40615
2706,2702,0.125857,2.87649,4160.7,4506.79,3607.75,3746.04,1105.31,1057.4,9.65609,9.12429
2710,3107,1.80507,124.504,4832.3,4667.99,3550.19,3565.57,1173.27,1157.57,9.03129,9.32373
2712,2676,0.0809923,3.34743,5042.05,4669.45,3542.03,3318.58,1193.29,1171.95,9.08649,8.93315
2730,2744,1.34266,36.8685,4889.68,5024.21,3639.59,3796.86,1199.96,1174.62,10.3082,9.95758
2736,2730,0.66282,18.1318,5137.66,5113.69,3688.57,3805.81,1145.9,1156.86,9.41027,9.50264
2744,NULL,0.543975,25.23,5368.77,5063.23,3669.7,3894.99,1192.31,1177.32,10.5888,9.87359
2747,NULL,0.0553755,17.018,3993.14,3864.76,3647.84,2702.36,1131.02,1147.39,8.99001,8.61197
2751,2710,0.551778,70.4268,4122.54,4514.63,3369.6,3504.25,1121.68,1145.48,9.514,9.08324
2752,2710,0.110784,1.6237,5148.03,4771.31,3285.31,2572.69,1133.7,1117.27,9.41287,9.34914
2758,2761,0.664415,12.5614,5223.25,4962.74,3677.47,3930.08,1199.54,1175.15,9.48484,9.59023
2760,2761,0.294817,16.7582,4445.29,5110.2,3741.94,4007.28,1216.63,1180.12,9.08333,9.43042
2761,3142,0.186104,11.4873,5185.71,4963.03,3773.23,3758.13,1245.95,1185.8,9.25712,9.59508
2762,2765,0.136155,9.28474,4908.09,5353.28,3901.58,4189.1,1208.16,1144.97,9.33342,9.75785
2763,2761,0.225884,1.01608,5067.2,5217.9,3764.53,3603.84,1269.3,1247.17,9.77361,9.83443
2764,2768,0.179208,3.28427,2436.64,4568.37,3787.35,4235.52,1199.4,1209.27,7.5939,8.86277
2765,2766,1.76823,30.0473,5139.37,5164.27,3755.35,4146,1224.34,1192.05,10.1807,9.75304
2766,2763,0.153255,2.57227,4954.21,5215.77,3842.75,3709.63,1266.52,1231.11,9.16652,9.70701
2767,NULL,6.17893,36.8704,5274.37,4785.32,3818.8,3831.47,1188.68,1156.03,10.4162,9.80345
2768,NULL,6.76353,60.39,5078.16,4875.05,3565.19,3444.02,1201.09,1173.46,9.55834,9.3513
2769,2765,0.343782,40.0686,4834.18,4837.91,3768.75,3654.88,1208.61,1177.21,9.81762,9.5508
2771,2775,0.19283,19.7131,3067.49,4458.46,2820.18,1642.54,1109.26,1115.88,7.54952,9.05448
2775,NULL,0.746014,61.8327,3941.89,3572.26,3450.67,2441.32,1143.79,1174.25,7.65345,7.86765
2776,NULL,3.67639,82.318,3580.22,3946.62,3527.94,2411.7,1160.98,1149.15,7.62326,8.07705
2778,2779,0.478379,16.8624,3514.77,4582.98,3675.99,4137.24,1179.6,1174.35,8.16702,8.83836
2779,2783,0.76802,9.30402,5059.16,4161.21,3503.26,3299.35,1184.35,1133.04,8.64418,8.39501
2781,2783,0.555215,4.99174,4795.59,4915.54,3813.04,4061.51,1182.82,1132.33,8.74268,8.70043
2782,3148,1.45134,10.7834,3758.94,3908.01,3789.96,3184.55,1232.78,1185.87,9.24248,9.02108
2783,2790,1.16449,39.008,4778.85,4809.89,3690.83,3569.48,1232.22,1165.46,9.67059,8.96585
2785,2775,0.136054,30.7749,3573.12,4173.36,3643.39,2839.19,1190.09,1199.28,8.28218,8.53228
2786,2790,0.142729,1.5068,4068.83,3741.1,3816.6,3549.41,1208.38,1186.43,9.34234,9.14768
2788,2783,0.373337,4.99888,5112.35,4667.19,3615.22,3295.18,1156.23,1146.09,8.5539,8.67137
2789,2790,0.229936,2.33042,5080.77,5027.24,3445.49,3371.45,1152.46,1132.31,8.94887,8.85453
2790,NULL,5.86493,104.417,4611.68,4754.23,3507.3,3567.35,1183.45,1154.1,8.42133,9.11864
2792,NULL,0.974828,10.1145,3354.02,3455.79,3612.45,2736.48,1199.3,1180.19,9.25202,8.49612
2793,NULL,0.783314,10.2852,5335.29,5070.94,3651.49,3971.16,1176.75,1205.09,10.0054,10.034
2794,2790,5.34647,174.115,4257.78,4708.06,3671.11,3687.15,1174.53,1148.72,8.9121,8.97332
2795,NULL,0.338072,13.6133,5088.29,4297.24,3648.67,2776.19,1179.6,1173.95,8.91598,8.8075
2797,NULL,10.26,98.8993,4058.66,4489.57,3817.85,3393.83,1231.54,1184.07,9.94775,9.60126
2800,2794,0.0710931,9.91813,4312.2,5138.23,3725.09,3298.8,1201.41,1197,7.98469,9.44141
2801,3155,0.297589,13.1584,5302.42,5052.65,3664.34,3982.12,1145.43,1134.94,9.06372,9.18931
2804,2801,0.176539,9.66969,5211.33,5113.43,3745.55,4085.41,1210.87,1232.97,8.55988,8.91473
2806,2794,1.17137,19.0983,5626.79,4961.69,3975.84,3962.9,1313.83,1261.41,10.9521,10.232
2807,NULL,6.3067,96.0973,4447.47,4408.45,3571.69,3243.98,1130.53,1124.7,8.37461,8.76585
2808,2807,0.729621,63.4404,4065.81,4681.01,3420.1,3621.03,1140.62,1166.05,7.55571,8.86756
2809,2808,0.356676,42.3194,5200.6,4844.96,3613.66,3735.34,1115.56,1104.38,8.55767,8.66982
2810,3002,0.163799,9.87838,5051.67,4861.44,3670.77,3867.87,1208.02,1170.15,8.19147,8.57831
2811,NULL,2.12798,44.1287,5302.57,5071.24,3836,3909.79,1189.56,1176.91,10.4346,9.86134
2820,NULL,0.566787,24.0116,4183.81,3700.46,3710.88,2857.92,1252.1,1189.59,8.71616,8.48885
2821,NULL,1.86538,38.1338,3657.68,4298.64,3711.13,2216.18,1226.8,1190.77,8.88912,9.35756
2824,3302,0.184827,0.913202,3857.53,3636.16,3698.02,3679.89,1218.72,1211.21,9.39445,9.24481
2825,2824,0.0533923,4.6583,3610.13,3038.81,3593.54,2487.22,1190.58,1140.43,9.27548,8.12616
2828,NULL,0.174603,5.98598,4207.11,3954.91,3372.97,3331.41,1163.02,1137.61,9.04638,8.93671
2830,2828,0.0969017,15.6239,4623.88,4884.53,3352.31,2883.07,1162.29,1123.94,10.0257,9.89307
2831,NULL,0.165809,1.3146,3740.24,4701.19,3821.11,4001.17,1282.26,1282.48,9.87228,10.0805
2832,2834,1.62252,16.5202,4462.09,4548.99,3688.46,3555.77,1245.98,1193.11,9.07969,8.99926
2833,2834,0.0315927,0.830119,3913.71,4032.4,3732.3,3956.76,1175.46,1183.06,8.78722,8.8429
2834,NULL,0.444603,83.3755,4041.78,4645.28,3754.19,3437.9,1195.02,1165.06,8.85117,9.37215
2835,2832,7.95813,111.574,4224.3,4070.46,3681.73,2777.36,1215.61,1183.2,8.69986,8.89486
2854,2861,0.134871,14.1806,3402.57,5172.88,3740.25,2768.35,1256.22,1246.95,9.55707,10.7527
2855,2857,2.40885,42.6761,4544.74,5067.87,3706.78,3662.36,1206.93,1240.73,10.6354,10.1552
2857,2861,1.12206,14.4779,4321.13,4757.17,3760.48,3871.96,1239.23,1230.4,10.1475,10.2246
2861,NULL,0.284526,320.177,4793.58,4907.74,3742.34,3749.17,1274.17,1244.3,11.1351,10.3734
2863,NULL,0.8809,86.2202,5660.4,5122.21,3829.01,3901.83,1265.14,1258.64,10.3916,10.1723
2864,2863,1.23167,28.1615,5699.9,5273.37,3673.31,3882.98,1200.69,1204.87,10.0629,9.48625
2866,NULL,0.311502,192.483,5316.99,5445.46,3749.54,4189.23,1285.26,1291.72,11.9078,11.0398
2868,NULL,0.814759,47.8939,4065.79,4805.69,3832.7,3570.43,1286.65,1268.86,9.35029,10.3932
2869,NULL,2.57838,48.1134,5235.19,5305.7,3874.93,4135.71,1273.79,1272.96,10.7955,10.2479
2873,NULL,0.756566,29.9178,4307.63,4151.06,3834.43,2594.71,1270.68,1238.22,9.23842,8.98833
2875,NULL,0.744135,6.38691,5316.8,5279.72,3812.82,3703.33,1315.51,1299.81,10.6205,10.6851
2876,NULL,1.14977,44.9781,5226.54,4958.21,3751.22,3828.8,1242.75,1234.43,9.87156,9.60008
2877,2882,0.193059,6.99312,5435.77,5338.12,3884.95,4266.83,1237.91,1266.35,10.3028,10.1207
2878,3100,0.652129,21.0182,3114.27,4856.26,3772.51,3290.96,1253.01,1236,10.2088,11.1618
2879,2880,0.701738,10.2603,3996.49,4173.46,3810.04,3273.39,1289.45,1255.25,8.96727,9.92397
2880,2883,1.14207,5.87805,4809.8,4718.73,3905.21,3926.1,1322.87,1322.44,9.56015,9.67275
2881,2884,0.0427577,5.40907,5187,5348.06,3918.87,3724.26,1313.06,1317.26,11.1198,11.0709
2882,2884,0.243863,53.1838,5188.59,5410.25,3858.74,4288.67,1233.45,1272.07,10.7061,10.5415
2883,2884,0.348803,8.07209,4961.16,5097.16,3854.41,3769.52,1307.56,1312.04,11.0908,10.8527
2884,NULL,1.73022,30.4731,5075.34,5144.68,3874.41,3955.96,1284.55,1269.65,10.8806,10.6805
2885,NULL,0.258958,13.037,5571.66,5522.46,3812.79,3788.06,1303.29,1299.71,10.3527,10.372
2887,NULL,1.01586,67.199,5127.19,5498.77,3756.64,4268.4,1255.74,1283.11,11.4495,11.3655
2888,NULL,5.9336,194.26,5232.58,5225.21,3805.91,3966.33,1286.67,1237.58,11.5656,10.4984
2890,NULL,2.17776,88.4513,5192.57,5294.16,3817.15,4042.66,1287.44,1242.8,11.8429,10.5948
2893,NULL,1.72881,1532.93,3764.53,4766.28,3266.41,3597.44,1115.18,1204.74,7.33013,9.91373
3001,NULL,0.0264046,0.408427,3975.15,4611.67,3447.89,3665.23,1155.33,1150.75,8.22306,8.27038
3002,2807,0.0780678,21.6988,4152.93,4395.44,3617.95,3637.53,1135.84,1154.93,7.81994,8.17854
3004,NULL,0.0784906,0.352235,5101.98,5089.52,3904.77,3863.82,1311.99,1312.01,9.69274,9.69578
3005,NULL,0.0933343,2.23504,4618.21,4383.42,3564.79,3418.53,1210.84,1173.33,8.71352,8.47692
3006,2782,0.0566272,1.96336,4020.78,3625.09,3531.8,2693.9,1206.95,1177.17,9.36037,8.46984
3007,3005,0.0508939,1.92382,4371.15,3788.32,3578.87,3524.99,1178.98,1104.31,8.84844,8.8461
3008,3007,0.0390785,32.2198,4392.63,4234.75,3589.81,2877.77,1185.33,1118.34,9.2119,9.10087
3009,3008,0.0668268,0.804387,5298.05,4928.18,3685.62,3806.73,1157.81,1171.54,9.39033,9.35098
3010,1801,0.0269322,0.132302,2945.64,3693.55,3722.99,3988.59,1269.9,1261.96,7.92772,9.60538
3011,1679,0.068086,2.79047,4891.67,4848.94,3732.19,3690.42,1292.36,1282.49,9.75214,9.79939
3012,1683,0.0364998,1.76476,4596.12,4833.73,3729.16,3559.75,1298.28,1279.08,9.47604,9.93247
3013,1689,0.0633972,3.13415,5345.46,4837.69,3733.01,3719.25,1292.25,1270.13,10.041,10.1123
3014,3015,0.0656466,3.58699,4990.97,4873.16,3758.57,3517.15,1275.41,1270.64,9.63042,9.40498
3015,1689,0.121329,8.06785,5204.97,4501.75,3658.01,3431.1,1280.94,1237.96,9.40866,10.6694
